wmc,dit,noc,cbo,rfc,lcom,loc,log_wmc,log_loc,log_lcom,log_rfc,log_cbo,log_dit,wmc_per_loc,cbo_per_loc,rfc_per_wmc,lcom_per_wmc,coupling_sum,complexity_avg,True_Label,Pred_Label,Probability,Result
5.0,1.0,0.0,5.0,56.0,0.0,334.0,1.791759469228055,5.814130531825066,0.0,4.04305126783455,1.791759469228055,0.6931471805599453,0.014970059835418983,0.014970059835418983,11.199997760000448,0.0,61.0,22.0,0,0,0.5358,TN
4.0,2.0,0.0,8.0,12.0,6.0,67.0,1.6094379124341003,4.219507705176107,1.9459101490553132,2.5649493574615367,2.1972245773362196,1.0986122886681098,0.0597014916462464,0.1194029832924928,2.9999992500001875,1.4999996250000938,20.0,8.0,0,0,0.3137,TN
3.0,1.0,0.0,7.0,8.0,0.0,39.0,1.3862943611198906,3.6888794541139363,0.0,2.1972245773362196,2.0794415416798357,0.6931471805599453,0.0769230749506904,0.17948717488494426,2.666665777778074,0.0,15.0,6.0,0,0,0.4678,TN
8.0,2.0,1.0,21.0,59.0,20.0,267.0,2.1972245773362196,5.5909869805108565,3.044522437723423,4.0943445622221,3.091042453358316,1.0986122886681098,0.029962546704260126,0.07865168509868282,7.374999078125116,2.4999996875000394,80.0,29.333333333333332,1,0,0.4395,FN
16.0,2.0,1.0,17.0,66.0,58.0,918.0,2.833213344056216,6.823286122355687,4.07753744390572,4.204692619390966,2.8903717578961645,1.0986122886681098,0.017429193880796084,0.01851851849834584,4.124999742187516,3.624999773437514,83.0,33.0,1,1,0.7337,TP
10.0,4.0,0.0,16.0,25.0,23.0,135.0,2.3978952727983707,4.912654885736052,3.1780538303479458,3.258096538021482,2.833213344056216,1.6094379124341003,0.07407407352537723,0.11851851764060357,2.499999750000025,2.299999770000023,41.0,17.0,0,0,0.3412,TN
9.0,5.0,0.0,15.0,34.0,4.0,266.0,2.302585092994046,5.58724865840025,1.6094379124341003,3.5553480614894135,2.772588722239781,1.791759469228055,0.03383458633896772,0.05639097723161287,3.7777773580247382,0.44444439506173394,49.0,19.333333333333332,0,0,0.216,TN
4.0,3.0,0.0,5.0,6.0,0.0,21.0,1.6094379124341003,3.091042453358316,0.0,1.9459101490553132,1.791759469228055,1.3862943611198906,0.19047618140589612,0.23809522675737013,1.4999996250000938,0.0,11.0,5.0,0,0,0.3592,TN
6.0,1.0,0.0,3.0,15.0,0.0,60.0,1.9459101490553132,4.110873864173311,0.0,2.772588722239781,1.3862943611198906,0.6931471805599453,0.09999999833333337,0.049999999166666684,2.4999995833334028,0.0,18.0,8.0,0,0,0.3339,TN
7.0,6.0,0.0,11.0,56.0,13.0,522.0,2.0794415416798357,6.259581464064923,2.6390573296152584,4.04305126783455,2.4849066497880004,1.9459101490553132,0.013409961660134173,0.021072796894496558,7.99999885714302,1.8571425918367725,67.0,24.666666666666668,0,0,0.2274,TN
13.0,2.0,1.0,6.0,30.0,0.0,201.0,2.6390573296152584,5.308267697401205,0.0,3.4339872044851463,1.9459101490553132,1.0986122886681098,0.06467661659364868,0.029850746120145544,2.3076921301775286,0.0,36.0,16.333333333333332,0,1,0.74,FP
25.0,1.0,1.0,9.0,60.0,62.0,496.0,3.258096538021482,6.208590026096629,4.143134726391533,4.110873864173311,2.302585092994046,0.6931471805599453,0.05040322570483221,0.018145161253739595,2.399999904000004,2.4799999008000038,69.0,31.333333333333332,0,1,0.7908,FP
7.0,3.0,3.0,12.0,26.0,9.0,106.0,2.0794415416798357,4.672828834461906,2.302585092994046,3.295836866004329,2.5649493574615367,1.3862943611198906,0.0660377352260591,0.1132075461018156,3.714285183673545,1.2857141020408425,38.0,15.0,0,0,0.3623,TN
3.0,4.0,0.0,3.0,6.0,3.0,17.0,1.3862943611198906,2.8903717578961645,1.3862943611198906,1.9459101490553132,1.3862943611198906,1.6094379124341003,0.17647057785467188,0.17647057785467188,1.9999993333335555,0.9999996666667778,9.0,4.0,1,0,0.3397,FN
15.0,2.0,0.0,7.0,32.0,43.0,253.0,2.772588722239781,5.537334267018537,3.784189633918261,3.4965075614664802,2.0794415416798357,1.0986122886681098,0.059288537315065074,0.027667984080363698,2.1333331911111206,2.8666664755555686,39.0,18.0,1,1,0.771,TP
6.0,2.0,0.0,11.0,24.0,15.0,197.0,1.9459101490553132,5.288267030694535,2.772588722239781,3.2188758248682006,2.4849066497880004,1.0986122886681098,0.03045685263727486,0.05583756316833725,3.9999993333334443,2.4999995833334028,35.0,13.666666666666666,0,0,0.4233,TN
33.0,1.0,6.0,22.0,135.0,316.0,1367.0,3.5263605246161616,7.221105098182496,5.75890177387728,4.912654885736052,3.1354942159291497,0.6931471805599453,0.0241404535302557,0.016093635686837134,4.090908966942153,9.575757285583114,157.0,63.333333333333336,0,1,0.8172,FP
3.0,5.0,2.0,16.0,38.0,3.0,159.0,1.3862943611198906,5.075173815233827,1.3862943611198906,3.6635616461296463,2.833213344056216,1.791759469228055,0.018867924409635695,0.10062893018472371,12.666662444445851,0.9999996666667778,54.0,19.0,0,0,0.2447,TN
32.0,4.0,0.0,16.0,81.0,406.0,504.0,3.4965075614664802,6.22455842927536,6.008813185442595,4.406719247264253,2.833213344056216,1.6094379124341003,0.06349206336608718,0.03174603168304359,2.53124992089844,12.687499603515638,97.0,43.0,0,0,0.4401,TN
4.0,1.0,0.0,6.0,7.0,4.0,22.0,1.6094379124341003,3.1354942159291497,1.6094379124341003,2.0794415416798357,1.9459101490553132,0.6931471805599453,0.18181817355371938,0.27272726033057904,1.7499995625001092,0.9999997500000625,13.0,5.666666666666667,0,0,0.163,TN
3.0,1.0,0.0,4.0,19.0,0.0,101.0,1.3862943611198906,4.624972813284271,0.0,2.995732273553991,1.6094379124341003,0.6931471805599453,0.029702970002940893,0.03960396000392119,6.333331222222926,0.0,23.0,8.666666666666666,0,0,0.2473,TN
2.0,1.0,0.0,12.0,15.0,0.0,70.0,1.0986122886681098,4.2626798770413155,0.0,2.772588722239781,2.5649493574615367,0.6931471805599453,0.028571428163265314,0.17142856897959188,7.499996250001875,0.0,27.0,9.666666666666666,1,0,0.2421,FN
6.0,2.0,1.0,7.0,14.0,15.0,67.0,1.9459101490553132,4.219507705176107,2.772588722239781,2.70805020110221,2.0794415416798357,1.0986122886681098,0.08955223746936959,0.10447761038093119,2.3333329444445092,2.4999995833334028,21.0,9.0,0,0,0.4785,TN
48.0,1.0,0.0,12.0,63.0,912.0,598.0,3.8918202981106265,6.395261598115449,6.816735880594968,4.1588830833596715,2.5649493574615367,0.6931471805599453,0.08026755839420141,0.020066889598550353,1.3124999726562507,18.999999604166675,75.0,41.0,1,1,0.659,TP
5.0,1.0,5.0,8.0,14.0,0.0,48.0,1.791759469228055,3.8918202981106265,0.0,2.70805020110221,2.1972245773362196,0.6931471805599453,0.10416666449652782,0.16666666319444454,2.799999440000112,0.0,22.0,9.0,1,0,0.3561,FN
18.0,1.0,1.0,6.0,28.0,25.0,390.0,2.9444389791664403,5.968707559985366,3.258096538021482,3.367295829986474,1.9459101490553132,0.6931471805599453,0.04615384603550296,0.015384615345167652,1.5555554691358071,1.3888888117283993,34.0,17.333333333333332,1,1,0.782,TP
25.0,1.0,2.0,80.0,46.0,298.0,198.0,3.258096538021482,5.293304824724492,5.700443573390687,3.8501476017100584,4.394449154672439,0.6931471805599453,0.12626262562493623,0.40404040199979596,1.8399999264000029,11.919999523200019,126.0,50.333333333333336,0,1,0.7969,FP
4.0,1.0,0.0,4.0,13.0,4.0,39.0,1.6094379124341003,3.6888794541139363,1.6094379124341003,2.6390573296152584,1.6094379124341003,0.6931471805599453,0.10256409993425386,0.10256409993425386,3.2499991875002032,0.9999997500000625,17.0,7.0,0,0,0.2962,TN
13.0,2.0,6.0,31.0,22.0,66.0,99.0,2.6390573296152584,4.605170185988092,4.204692619390966,3.1354942159291497,3.4657359027997265,1.0986122886681098,0.13131312998673605,0.31313130996837063,1.6923075621301875,5.076922686390563,53.0,22.0,0,1,0.7094,FP
12.0,1.0,0.0,3.0,25.0,0.0,212.0,2.5649493574615367,5.3612921657094255,0.0,3.258096538021482,1.3862943611198906,0.6931471805599453,0.05660377331790673,0.014150943329476683,2.083333159722237,0.0,28.0,13.333333333333334,0,0,0.2547,TN
23.0,1.0,0.0,31.0,57.0,203.0,565.0,3.1780538303479458,6.338594078203183,5.318119993844216,4.060443010546419,3.4657359027997265,0.6931471805599453,0.04070796452972042,0.05486725654005795,2.478260761814749,8.826086572778845,88.0,37.0,1,1,0.7682,TP
13.0,1.0,0.0,14.0,45.0,10.0,382.0,2.6390573296152584,5.948034989180646,2.3978952727983707,3.828641396489095,2.70805020110221,0.6931471805599453,0.03403141352347797,0.036649214563745515,3.461538195266293,0.7692307100591762,59.0,24.0,0,1,0.6666,FP
19.0,4.0,0.0,8.0,84.0,103.0,1034.0,2.995732273553991,6.942156705699469,4.6443908991413725,4.442651256490317,2.1972245773362196,1.6094379124341003,0.018375241761726068,0.007736943899674134,4.4210523988919785,5.421052346260402,92.0,37.0,0,1,0.6619,FP
6.0,3.0,0.0,8.0,37.0,3.0,150.0,1.9459101490553132,5.017279836814924,1.3862943611198906,3.6375861597263857,2.1972245773362196,1.3862943611198906,0.03999999973333333,0.05333333297777778,6.16666563888906,0.49999991666668053,45.0,17.0,0,0,0.3061,TN
8.0,1.0,5.0,36.0,11.0,28.0,26.0,2.1972245773362196,3.295836866004329,3.367295829986474,2.4849066497880004,3.6109179126442243,0.6931471805599453,0.30769229585798863,1.3846153313609488,1.3749998281250215,3.499999562500055,47.0,18.333333333333332,1,1,0.6259,TP
15.0,2.0,0.0,6.0,26.0,57.0,225.0,2.772588722239781,5.420534999272286,4.060443010546419,3.295836866004329,1.9459101490553132,1.0986122886681098,0.06666666637037037,0.02666666654814815,1.7333332177777856,3.7999997466666837,32.0,15.666666666666666,1,1,0.8002,TP
3.0,5.0,0.0,2.0,6.0,3.0,17.0,1.3862943611198906,2.8903717578961645,1.3862943611198906,1.9459101490553132,1.0986122886681098,1.791759469228055,0.17647057785467188,0.11764705190311459,1.9999993333335555,0.9999996666667778,8.0,3.6666666666666665,0,0,0.3171,TN
11.0,2.0,0.0,17.0,15.0,13.0,97.0,2.4849066497880004,4.584967478670572,2.6390573296152584,2.772588722239781,2.8903717578961645,1.0986122886681098,0.1134020606865767,0.17525773015198218,1.3636362396694328,1.1818180743801752,32.0,14.333333333333334,0,0,0.3945,TN
2.0,1.0,0.0,3.0,22.0,1.0,128.0,1.0986122886681098,4.859812404361672,0.6931471805599453,3.1354942159291497,1.3862943611198906,0.6931471805599453,0.01562499987792969,0.02343749981689453,10.99999450000275,0.499999750000125,25.0,9.0,1,0,0.382,FN
2.0,2.0,7.0,14.0,15.0,1.0,46.0,1.0986122886681098,3.8501476017100584,0.6931471805599453,2.772588722239781,2.70805020110221,1.0986122886681098,0.04347825992438566,0.3043478194706996,7.499996250001875,0.499999750000125,29.0,10.333333333333334,0,0,0.2704,TN
17.0,4.0,0.0,2.0,27.0,136.0,123.0,2.8903717578961645,4.820281565605037,4.919980925828125,3.332204510175204,1.0986122886681098,1.6094379124341003,0.13821138099015137,0.016260162469429573,1.5882352006920468,7.999999529411792,29.0,15.333333333333334,1,1,0.8362,TP
12.0,3.0,0.0,15.0,99.0,18.0,804.0,2.5649493574615367,6.690842277418564,2.9444389791664403,4.605170185988092,2.772588722239781,1.3862943611198906,0.014925373115764461,0.018656716394705578,8.249999312500059,1.4999998750000105,114.0,42.0,1,1,0.6521,TP
10.0,6.0,0.0,13.0,40.0,29.0,182.0,2.3978952727983707,5.209486152841421,3.4011973816621555,3.713572066704308,2.6390573296152584,1.9459101490553132,0.05494505464315904,0.07142857103610675,3.99999960000004,2.899999710000029,53.0,21.0,0,0,0.1704,TN
2.0,3.0,0.0,6.0,11.0,1.0,39.0,1.0986122886681098,3.6888794541139363,0.6931471805599453,2.4849066497880004,1.9459101490553132,1.3862943611198906,0.05128204996712693,0.1538461499013808,5.499997250001375,0.499999750000125,17.0,6.333333333333333,0,0,0.4172,TN
3.0,1.0,0.0,5.0,8.0,1.0,21.0,1.3862943611198906,3.091042453358316,0.6931471805599453,2.1972245773362196,1.791759469228055,0.6931471805599453,0.14285713605442207,0.23809522675737013,2.666665777778074,0.33333322222225925,13.0,5.333333333333333,0,0,0.2303,TN
2.0,3.0,0.0,3.0,4.0,1.0,11.0,1.0986122886681098,2.4849066497880004,0.6931471805599453,1.6094379124341003,1.3862943611198906,1.3862943611198906,0.1818181652892577,0.2727272479338866,1.9999990000005,0.499999750000125,7.0,3.0,0,0,0.2911,TN
8.0,1.0,0.0,18.0,17.0,20.0,141.0,2.1972245773362196,4.955827057601261,3.044522437723423,2.8903717578961645,2.9444389791664403,0.6931471805599453,0.056737588250088025,0.12765957356269805,2.1249997343750335,2.4999996875000394,35.0,14.333333333333334,0,0,0.4332,TN
5.0,1.0,1.0,4.0,8.0,4.0,56.0,1.791759469228055,4.04305126783455,1.6094379124341003,2.1972245773362196,1.6094379124341003,0.6931471805599453,0.08928571269132657,0.07142857015306125,1.599999680000064,0.799999840000032,12.0,5.666666666666667,1,0,0.2708,FN
20.0,2.0,0.0,10.0,24.0,178.0,114.0,3.044522437723423,4.74493212836325,5.187385805840755,3.2188758248682006,2.3978952727983707,1.0986122886681098,0.17543859495229303,0.08771929747614651,1.199999940000003,8.899999555000022,34.0,18.0,0,0,0.3431,TN
12.0,4.0,0.0,6.0,45.0,66.0,173.0,2.5649493574615367,5.159055299214529,4.204692619390966,3.828641396489095,1.9459101490553132,1.6094379124341003,0.06936416144876208,0.03468208072438104,3.749999687500026,5.499999541666705,51.0,21.0,0,0,0.2528,TN
3.0,2.0,0.0,8.0,19.0,3.0,88.0,1.3862943611198906,4.48863636973214,1.3862943611198906,2.995732273553991,2.1972245773362196,1.0986122886681098,0.034090908703512404,0.09090908987603308,6.333331222222926,0.9999996666667778,27.0,10.0,0,0,0.1813,TN
4.0,1.0,0.0,3.0,22.0,6.0,105.0,1.6094379124341003,4.663439094112067,1.9459101490553132,3.1354942159291497,1.3862943611198906,0.6931471805599453,0.03809523773242631,0.02857142829931973,5.499998625000344,1.4999996250000938,25.0,9.666666666666666,0,0,0.343,TN
5.0,2.0,0.0,7.0,14.0,2.0,60.0,1.791759469228055,4.110873864173311,1.0986122886681098,2.70805020110221,2.0794415416798357,1.0986122886681098,0.08333333194444448,0.11666666472222226,2.799999440000112,0.399999920000016,21.0,8.666666666666666,0,0,0.3122,TN
4.0,3.0,0.0,39.0,23.0,4.0,580.0,1.6094379124341003,6.364750756851911,1.6094379124341003,3.1780538303479458,3.6888794541139363,1.3862943611198906,0.006896551712247324,0.06724137919441142,5.749998562500359,0.9999997500000625,62.0,22.0,1,1,0.6411,TP
7.0,2.0,1.0,6.0,21.0,0.0,90.0,2.0794415416798357,4.51085950651685,0.0,3.091042453358316,1.9459101490553132,1.0986122886681098,0.07777777691358026,0.06666666592592593,2.9999995714286327,0.0,27.0,11.333333333333334,0,0,0.5232,TN
4.0,1.0,0.0,5.0,5.0,0.0,28.0,1.6094379124341003,3.367295829986474,0.0,1.791759469228055,1.791759469228055,0.6931471805599453,0.14285713775510223,0.17857142219387778,1.249999687500078,0.0,10.0,4.666666666666667,0,0,0.3341,TN
81.0,3.0,0.0,3.0,159.0,3130.0,905.0,4.406719247264253,6.80903930604298,8.049107721326406,5.075173815233827,1.3862943611198906,1.3862943611198906,0.08950276233204114,0.003314917123408931,1.9629629387288527,38.64197483158056,162.0,81.0,1,0,0.5282,FN
7.0,4.0,0.0,6.0,13.0,19.0,46.0,2.0794415416798357,3.8501476017100584,2.995732273553991,2.6390573296152584,1.9459101490553132,1.6094379124341003,0.1521739097353498,0.13043477977315696,1.8571425918367725,2.7142853265306677,19.0,8.666666666666666,0,0,0.3655,TN
9.0,1.0,0.0,10.0,30.0,6.0,235.0,2.302585092994046,5.4638318050256105,1.9459101490553132,3.4339872044851463,2.3978952727983707,0.6931471805599453,0.038297872177455866,0.04255319130828429,3.3333329629630044,0.6666665925926009,40.0,16.333333333333332,1,0,0.3842,FN
6.0,1.0,0.0,21.0,6.0,15.0,6.0,1.9459101490553132,1.9459101490553132,2.772588722239781,1.9459101490553132,3.091042453358316,0.6931471805599453,0.9999998333333611,3.4999994166667636,0.9999998333333611,2.4999995833334028,27.0,11.0,0,0,0.372,TN
11.0,2.0,0.0,6.0,39.0,21.0,256.0,2.4849066497880004,5.54907608489522,3.091042453358316,3.6888794541139363,1.9459101490553132,1.0986122886681098,0.04296874983215332,0.023437499908447266,3.5454542231405255,1.909090735537206,45.0,18.666666666666668,0,0,0.4171,TN
9.0,1.0,2.0,10.0,16.0,0.0,86.0,2.302585092994046,4.465908118654584,0.0,2.833213344056216,2.3978952727983707,0.6931471805599453,0.1046511615738237,0.11627906841535968,1.7777775802469358,0.0,26.0,11.666666666666666,1,0,0.4526,FN
5.0,1.0,0.0,23.0,23.0,8.0,77.0,1.791759469228055,4.356708826689592,2.1972245773362196,3.1780538303479458,3.1780538303479458,0.6931471805599453,0.06493506409175241,0.2987012948220611,4.599999080000184,1.599999680000064,46.0,17.0,0,0,0.2696,TN
10.0,2.0,14.0,26.0,19.0,3.0,81.0,2.3978952727983707,4.406719247264253,1.3862943611198906,2.995732273553991,3.295836866004329,1.0986122886681098,0.12345678859929891,0.32098765035817717,1.899999810000019,0.299999970000003,45.0,18.333333333333332,1,1,0.6436,TP
15.0,2.0,0.0,21.0,48.0,73.0,243.0,2.772588722239781,5.497168225293202,4.30406509320417,3.8918202981106265,3.091042453358316,1.0986122886681098,0.06172839480770208,0.08641975273078291,3.199999786666681,4.866666342222244,69.0,28.0,0,0,0.416,TN
1.0,4.0,0.0,0.0,2.0,0.0,5.0,0.6931471805599453,1.791759469228055,0.0,1.0986122886681098,0.0,1.6094379124341003,0.199999960000008,0.0,1.9999980000020001,0.0,2.0,1.0,0,0,0.2264,TN
4.0,5.0,0.0,25.0,11.0,0.0,52.0,1.6094379124341003,3.970291913552122,0.0,2.4849066497880004,3.258096538021482,1.791759469228055,0.07692307544378701,0.48076922152366885,2.749999312500172,0.0,36.0,13.333333333333334,1,0,0.2476,FN
17.0,1.0,0.0,8.0,54.0,134.0,867.0,2.8903717578961645,6.7661917146603505,4.90527477843843,4.007333185232471,2.1972245773362196,0.6931471805599453,0.019607843114639166,0.00922722028924196,3.1764704013840936,7.882352477508677,62.0,26.333333333333332,1,1,0.7157,TP
7.0,2.0,0.0,10.0,29.0,0.0,615.0,2.0794415416798357,6.423246963533519,0.0,3.4011973816621555,2.3978952727983707,1.0986122886681098,0.01138211380263071,0.016260162575186726,4.142856551020492,0.0,39.0,15.333333333333334,0,1,0.6996,FP
8.0,1.0,0.0,4.0,19.0,2.0,116.0,2.1972245773362196,4.762173934797756,1.0986122886681098,2.995732273553991,1.6094379124341003,0.6931471805599453,0.068965516646849,0.0344827583234245,2.374999703125037,0.24999996875000394,23.0,10.333333333333334,0,0,0.4387,TN
1.0,3.0,0.0,3.0,2.0,0.0,8.0,0.6931471805599453,2.1972245773362196,0.0,1.0986122886681098,1.3862943611198906,1.3862943611198906,0.12499998437500197,0.3749999531250059,1.9999980000020001,0.0,5.0,2.0,0,0,0.3414,TN
7.0,1.0,5.0,9.0,8.0,13.0,30.0,2.0794415416798357,3.4339872044851463,2.6390573296152584,2.1972245773362196,2.302585092994046,0.6931471805599453,0.2333333255555558,0.2999999900000003,1.14285697959186,1.8571425918367725,17.0,8.0,0,0,0.3075,TN
6.0,4.0,0.0,6.0,19.0,3.0,94.0,1.9459101490553132,4.553876891600541,1.3862943611198906,2.995732273553991,1.9459101490553132,1.6094379124341003,0.06382978655500227,0.06382978655500227,3.166666138888977,0.49999991666668053,25.0,10.333333333333334,0,0,0.3535,TN
2.0,5.0,0.0,3.0,9.0,1.0,33.0,1.0986122886681098,3.5263605246161616,0.6931471805599453,2.302585092994046,1.3862943611198906,1.791759469228055,0.060606058769513374,0.09090908815427007,4.499997750001125,0.499999750000125,12.0,4.666666666666667,0,0,0.2576,TN
17.0,2.0,0.0,8.0,30.0,114.0,200.0,2.8903717578961645,5.303304908059076,4.74493212836325,3.4339872044851463,2.1972245773362196,1.0986122886681098,0.084999999575,0.0399999998,1.7647057785467188,6.705881958477532,38.0,18.333333333333332,1,1,0.6386,TP
2.0,1.0,0.0,3.0,3.0,0.0,12.0,1.0986122886681098,2.5649493574615367,0.0,1.3862943611198906,1.3862943611198906,0.6931471805599453,0.16666665277777895,0.2499999791666684,1.499999250000375,0.0,6.0,2.6666666666666665,1,0,0.2166,FN
23.0,5.0,1.0,10.0,74.0,189.0,608.0,3.1780538303479458,6.411818267709897,5.247024072160486,4.31748811353631,2.3978952727983707,1.791759469228055,0.03782894730620239,0.01644736839400104,3.2173911644612536,8.217390947069958,84.0,35.666666666666664,0,0,0.4725,TN
3.0,1.0,0.0,4.0,5.0,3.0,18.0,1.3862943611198906,2.9444389791664403,1.3862943611198906,1.791759469228055,1.6094379124341003,0.6931471805599453,0.1666666574074079,0.2222222098765439,1.6666661111112961,0.9999996666667778,9.0,4.0,0,0,0.1322,TN
2.0,0.0,0.0,5.0,8.0,1.0,50.0,1.0986122886681098,3.9318256327243257,0.6931471805599453,2.1972245773362196,1.791759469228055,0.0,0.03999999920000002,0.09999999800000005,3.999998000001,0.499999750000125,13.0,5.0,0,0,0.2331,TN
76.0,1.0,4.0,128.0,131.0,2812.0,722.0,4.343805421853684,6.583409222158765,7.9420068084898565,4.882801922586371,4.859812404361672,0.6931471805599453,0.105263157748943,0.17728531831400926,1.7236841878462608,36.9999995131579,259.0,111.66666666666667,1,1,0.7441,TP
8.0,2.0,0.0,16.0,22.0,0.0,100.0,2.1972245773362196,4.61512051684126,0.0,3.1354942159291497,2.833213344056216,1.0986122886681098,0.0799999992,0.1599999984,2.749999656250043,0.0,38.0,15.333333333333334,1,0,0.4152,FN
1.0,3.0,0.0,6.0,2.0,0.0,5.0,0.6931471805599453,1.791759469228055,0.0,1.0986122886681098,1.9459101490553132,1.3862943611198906,0.199999960000008,1.199999760000048,1.9999980000020001,0.0,8.0,3.0,0,0,0.3924,TN
4.0,2.0,0.0,2.0,8.0,4.0,31.0,1.6094379124341003,3.4657359027997265,1.6094379124341003,2.1972245773362196,1.0986122886681098,1.0986122886681098,0.12903225390218534,0.06451612695109267,1.999999500000125,0.9999997500000625,10.0,4.666666666666667,1,0,0.2505,FN
18.0,1.0,2.0,14.0,68.0,0.0,1804.0,2.9444389791664403,7.498315870766981,0.0,4.23410650459726,2.70805020110221,0.6931471805599453,0.009977827045466835,0.007760532146474206,3.777777567901246,0.0,82.0,33.333333333333336,1,1,0.7235,TP
5.0,3.0,0.0,9.0,16.0,8.0,84.0,1.791759469228055,4.442651256490317,2.1972245773362196,2.833213344056216,2.302585092994046,1.3862943611198906,0.05952380881519275,0.10714285586734695,3.199999360000128,1.599999680000064,25.0,10.0,0,0,0.3778,TN
4.0,2.0,0.0,11.0,23.0,4.0,117.0,1.6094379124341003,4.770684624465665,1.6094379124341003,3.1780538303479458,2.4849066497880004,1.0986122886681098,0.03418803389582877,0.09401709321352912,5.749998562500359,0.9999997500000625,34.0,12.666666666666666,1,0,0.214,FN
36.0,1.0,0.0,18.0,90.0,252.0,1699.0,3.6109179126442243,7.438383530044307,5.53338948872752,4.51085950651685,2.9444389791664403,0.6931471805599453,0.021188934654980025,0.010594467327490012,2.499999930555558,6.999999805555562,108.0,48.0,1,1,0.7935,TP
5.0,1.0,0.0,14.0,21.0,0.0,75.0,1.791759469228055,4.330733340286331,0.0,3.091042453358316,2.70805020110221,0.6931471805599453,0.06666666577777779,0.18666666417777783,4.199999160000168,0.0,35.0,13.333333333333334,0,0,0.3517,TN
89.0,2.0,0.0,141.0,269.0,3550.0,2699.0,4.499809670330265,7.90100705199242,8.174984532943087,5.598421958998375,4.955827057601261,1.0986122886681098,0.03297517597889026,0.052241570932848626,3.0224718761520015,39.887640001262476,410.0,166.33333333333334,0,1,0.7672,FP
10.0,1.0,0.0,2.0,10.0,45.0,10.0,2.3978952727983707,2.3978952727983707,3.828641396489095,2.3978952727983707,1.0986122886681098,0.6931471805599453,0.99999990000001,0.19999998000000202,0.99999990000001,4.499999550000045,12.0,7.333333333333333,1,1,0.6003,TP
18.0,5.0,0.0,19.0,78.0,119.0,424.0,2.9444389791664403,6.052089168924417,4.787491742782046,4.3694478524670215,2.995732273553991,1.791759469228055,0.04245283008855465,0.0448113206490299,4.333333092592606,6.61111074382718,97.0,38.333333333333336,0,0,0.2191,TN
2.0,4.0,0.0,10.0,4.0,1.0,9.0,1.0986122886681098,2.302585092994046,0.6931471805599453,1.6094379124341003,2.3978952727983707,1.6094379124341003,0.22222219753086697,1.1111109876543348,1.9999990000005,0.499999750000125,14.0,5.333333333333333,1,0,0.3052,FN
5.0,3.0,0.0,4.0,10.0,8.0,36.0,1.791759469228055,3.6109179126442243,2.1972245773362196,2.3978952727983707,1.6094379124341003,1.3862943611198906,0.1388888850308643,0.11111110802469146,1.99999960000008,1.599999680000064,14.0,6.333333333333333,0,0,0.3252,TN
46.0,4.0,0.0,39.0,135.0,17.0,1100.0,3.8501476017100584,7.00397413672268,2.8903717578961645,4.912654885736052,3.6888794541139363,1.6094379124341003,0.04181818178016528,0.03545454542231405,2.9347825448960316,0.3695652093572781,174.0,73.33333333333333,1,1,0.7793,TP
10.0,2.0,0.0,4.0,18.0,25.0,83.0,2.3978952727983707,4.430816798843313,3.258096538021482,2.9444389791664403,1.6094379124341003,1.0986122886681098,0.1204819262592539,0.04819277050370156,1.7999998200000182,2.499999750000025,22.0,10.666666666666666,1,0,0.4398,FN
48.0,1.0,0.0,16.0,109.0,118.0,719.0,3.8918202981106265,6.579251212010101,4.77912349311153,4.700480365792417,2.833213344056216,0.6931471805599453,0.06675938794609265,0.022253129315364214,2.2708332860243066,2.4583332821180566,125.0,57.666666666666664,1,1,0.6456,TP
20.0,4.0,0.0,12.0,38.0,146.0,199.0,3.044522437723423,5.298317366548036,4.990432586778736,3.6635616461296463,2.5649493574615367,1.6094379124341003,0.10050251205777633,0.06030150723466579,1.8999999050000047,7.299999635000018,50.0,23.333333333333332,0,0,0.3442,TN
36.0,4.0,0.0,6.0,58.0,630.0,471.0,3.6109179126442243,6.156978985585555,6.447305862541213,4.07753744390572,1.9459101490553132,1.6094379124341003,0.07643312085682989,0.012738853476138316,1.6111110663580261,17.499999513888902,64.0,33.333333333333336,1,0,0.5564,FN
43.0,1.0,0.0,7.0,90.0,0.0,397.0,3.784189633918261,5.986452005284438,0.0,4.51085950651685,2.0794415416798357,0.6931471805599453,0.10831234229644246,0.017632241769188307,2.0930232071389954,0.0,97.0,46.666666666666664,1,0,0.5875,FN
5.0,1.0,0.0,13.0,31.0,8.0,140.0,1.791759469228055,4.948759890378168,2.1972245773362196,3.4657359027997265,2.6390573296152584,0.6931471805599453,0.035714285459183676,0.09285714219387756,6.1999987600002475,1.599999680000064,44.0,16.333333333333332,0,0,0.2626,TN
58.0,1.0,0.0,142.0,158.0,1627.0,1752.0,4.07753744390572,7.469083884921234,7.395107546562485,5.0689042022202315,4.962844630259907,0.6931471805599453,0.03310502281215467,0.08105022826424073,2.724137884066588,28.05172365428063,300.0,119.33333333333333,1,1,0.6669,TP
3.0,1.0,0.0,9.0,13.0,0.0,113.0,1.3862943611198906,4.736198448394496,0.0,2.6390573296152584,2.302585092994046,0.6931471805599453,0.02654867233142768,0.07964601699428303,4.33333188888937,0.0,22.0,8.333333333333334,0,0,0.4275,TN
6.0,2.0,0.0,6.0,13.0,15.0,39.0,1.9459101490553132,3.6888794541139363,2.772588722239781,2.6390573296152584,1.9459101490553132,1.0986122886681098,0.1538461499013808,0.1538461499013808,2.1666663055556157,2.4999995833334028,19.0,8.333333333333334,1,0,0.3826,FN
15.0,2.0,0.0,8.0,17.0,99.0,89.0,2.772588722239781,4.499809670330265,4.605170185988092,2.8903717578961645,2.1972245773362196,1.0986122886681098,0.16853932394899637,0.08988763943946473,1.1333332577777828,6.59999956000003,25.0,13.333333333333334,0,0,0.2978,TN
17.0,2.0,0.0,3.0,34.0,0.0,403.0,2.8903717578961645,6.0014148779611505,0.0,3.5553480614894135,1.3862943611198906,1.0986122886681098,0.042183622724110116,0.007444168716019432,1.999999882352948,0.0,37.0,18.0,1,0,0.5093,FN
18.0,2.0,2.0,20.0,64.0,93.0,377.0,2.9444389791664403,5.934894195619588,4.543294782270004,4.174387269895637,3.044522437723423,1.0986122886681098,0.047745357963540166,0.05305039773726685,3.5555553580247024,5.166666379629645,84.0,34.0,1,0,0.5296,FN
8.0,1.0,0.0,8.0,32.0,16.0,159.0,2.1972245773362196,5.075173815233827,2.833213344056216,3.4965075614664802,2.1972245773362196,0.6931471805599453,0.05031446509236186,0.05031446509236186,3.999999500000063,1.9999997500000315,40.0,16.0,0,0,0.3279,TN
10.0,2.0,0.0,6.0,19.0,39.0,92.0,2.3978952727983707,4.532599493153256,3.6888794541139363,2.995732273553991,1.9459101490553132,1.0986122886681098,0.10869565099243858,0.06521739059546315,1.899999810000019,3.899999610000039,25.0,11.666666666666666,1,1,0.8031,TP
8.0,1.0,0.0,1.0,25.0,22.0,126.0,2.1972245773362196,4.844187086458591,3.1354942159291497,3.258096538021482,0.6931471805599453,0.6931471805599453,0.06349206298815824,0.00793650787351978,3.124999609375049,2.749999656250043,26.0,11.333333333333334,1,0,0.3446,FN
33.0,2.0,0.0,16.0,69.0,0.0,801.0,3.5263605246161616,6.687108607866515,0.0,4.248495242049359,2.833213344056216,1.0986122886681098,0.04119850182122534,0.01997503118604865,2.0909090275482116,0.0,85.0,39.333333333333336,1,1,0.7705,TP
8.0,0.0,2.0,8.0,22.0,26.0,108.0,2.1972245773362196,4.6913478822291435,3.295836866004329,3.1354942159291497,2.1972245773362196,0.0,0.07407407338820303,0.07407407338820303,2.749999656250043,3.249999593750051,30.0,12.666666666666666,0,0,0.1416,TN
5.0,1.0,0.0,1.0,19.0,0.0,108.0,1.791759469228055,4.6913478822291435,0.0,2.995732273553991,0.6931471805599453,0.6931471805599453,0.04629629586762689,0.009259259173525379,3.799999240000152,0.0,20.0,8.333333333333334,0,0,0.2663,TN
4.0,5.0,0.0,2.0,8.0,6.0,20.0,1.6094379124341003,3.044522437723423,1.9459101490553132,2.1972245773362196,1.0986122886681098,1.791759469228055,0.1999999900000005,0.09999999500000024,1.999999500000125,1.4999996250000938,10.0,4.666666666666667,0,0,0.2578,TN
9.0,3.0,0.0,3.0,20.0,34.0,177.0,2.302585092994046,5.181783550292085,3.5553480614894135,3.044522437723423,1.3862943611198906,1.3862943611198906,0.05084745733984487,0.01694915244661496,2.2222219753086696,3.7777773580247382,23.0,10.666666666666666,0,0,0.5935,TN
3.0,2.0,0.0,4.0,7.0,0.0,27.0,1.3862943611198906,3.332204510175204,0.0,2.0794415416798357,1.6094379124341003,1.0986122886681098,0.11111110699588492,0.1481481426611799,2.3333325555558146,0.0,11.0,4.666666666666667,0,0,0.2559,TN
20.0,1.0,0.0,33.0,96.0,122.0,930.0,3.044522437723423,6.836259277277067,4.812184355372417,4.574710978503383,3.5263605246161616,0.6931471805599453,0.02150537632096196,0.035483870929587234,4.799999760000012,6.099999695000015,129.0,49.666666666666664,1,1,0.6334,TP
5.0,2.0,0.0,17.0,38.0,0.0,310.0,1.791759469228055,5.739792912179234,0.0,3.6635616461296463,2.8903717578961645,1.0986122886681098,0.01612903220603538,0.05483870950052029,7.599998480000304,0.0,55.0,20.0,0,1,0.6408,FP
14.0,1.0,0.0,9.0,26.0,21.0,159.0,2.70805020110221,5.075173815233827,3.091042453358316,3.295836866004329,2.302585092994046,0.6931471805599453,0.08805031391163325,0.05660377322890709,1.8571427244898056,1.4999998928571505,35.0,16.333333333333332,1,0,0.4276,FN
15.0,1.0,0.0,19.0,74.0,47.0,561.0,2.772588722239781,6.331501849893691,3.871201010907891,4.31748811353631,2.995732273553991,0.6931471805599453,0.02673796786677724,0.03386809263125117,4.933333004444466,3.1333331244444587,93.0,36.0,0,0,0.5609,TN
23.0,1.0,0.0,7.0,33.0,179.0,144.0,3.1780538303479458,4.976733742420574,5.19295685089021,3.5263605246161616,2.0794415416798357,0.6931471805599453,0.15972222111304013,0.04861111077353395,1.4347825463138022,7.782608357277897,40.0,21.0,0,0,0.4158,TN
20.0,3.0,0.0,11.0,52.0,128.0,313.0,3.044522437723423,5.749392985908253,4.859812404361672,3.970291913552122,2.4849066497880004,1.3862943611198906,0.06389776337412856,0.0351437698557707,2.599999870000006,6.399999680000016,63.0,27.666666666666668,0,1,0.6175,FP
13.0,1.0,0.0,13.0,14.0,78.0,24.0,2.6390573296152584,3.2188758248682006,4.3694478524670215,2.70805020110221,2.6390573296152584,0.6931471805599453,0.5416666440972231,0.5416666440972231,1.0769229940828466,5.999999538461575,27.0,13.333333333333334,0,0,0.5011,TN
3.0,1.0,0.0,3.0,6.0,3.0,13.0,1.3862943611198906,2.6390573296152584,1.3862943611198906,1.9459101490553132,1.3862943611198906,0.6931471805599453,0.23076921301775286,0.23076921301775286,1.9999993333335555,0.9999996666667778,9.0,4.0,0,0,0.1706,TN
6.0,2.0,6.0,11.0,14.0,7.0,49.0,1.9459101490553132,3.912023005428146,2.0794415416798357,2.70805020110221,2.4849066497880004,1.0986122886681098,0.12244897709287803,0.22448979133694305,2.3333329444445092,1.1666664722222546,25.0,10.333333333333334,1,0,0.3915,FN
10.0,5.0,0.0,8.0,44.0,43.0,218.0,2.3978952727983707,5.389071729816501,3.784189633918261,3.8066624897703196,2.1972245773362196,1.791759469228055,0.045871559422607525,0.03669724753808602,4.399999560000044,4.299999570000043,52.0,20.666666666666668,0,0,0.1883,TN
4.0,1.0,0.0,8.0,18.0,2.0,131.0,1.6094379124341003,4.882801922586371,1.0986122886681098,2.9444389791664403,2.1972245773362196,0.6931471805599453,0.03053435091195152,0.06106870182390304,4.499998875000281,0.49999987500003124,26.0,10.0,1,0,0.2892,FN
4.0,1.0,1.0,8.0,26.0,6.0,152.0,1.6094379124341003,5.030437921392435,1.9459101490553132,3.295836866004329,2.1972245773362196,0.6931471805599453,0.02631578930055402,0.05263157860110804,6.4999983750004064,1.4999996250000938,34.0,12.666666666666666,0,0,0.2777,TN
12.0,1.0,0.0,12.0,37.0,2.0,319.0,2.5649493574615367,5.768320995793772,1.0986122886681098,3.6375861597263857,2.5649493574615367,0.6931471805599453,0.0376175547410108,0.0376175547410108,3.0833330763889104,0.16666665277777895,49.0,20.333333333333332,1,0,0.5924,FN
2.0,5.0,0.0,4.0,7.0,0.0,25.0,1.0986122886681098,3.258096538021482,0.0,2.0794415416798357,1.6094379124341003,1.791759469228055,0.07999999680000013,0.15999999360000025,3.499998250000875,0.0,11.0,4.333333333333333,1,0,0.2543,FN
5.0,1.0,0.0,6.0,18.0,6.0,161.0,1.791759469228055,5.087596335232384,1.9459101490553132,2.9444389791664403,1.9459101490553132,0.6931471805599453,0.03105590042822422,0.037267080513869066,3.599999280000144,1.199999760000048,24.0,9.666666666666666,0,0,0.4183,TN
10.0,2.0,0.0,2.0,37.0,23.0,301.0,2.3978952727983707,5.71042701737487,3.1780538303479458,3.6375861597263857,1.0986122886681098,1.0986122886681098,0.03322259125175219,0.006644518250350438,3.699999630000037,2.299999770000023,39.0,16.333333333333332,1,0,0.3865,FN
13.0,1.0,0.0,38.0,76.0,18.0,264.0,2.6390573296152584,5.579729825986222,2.9444389791664403,4.343805421853684,3.6635616461296463,0.6931471805599453,0.04924242405589991,0.14393939339416897,5.846153396449739,1.384615278106517,114.0,42.333333333333336,0,0,0.463,TN
6.0,2.0,2.0,10.0,25.0,3.0,154.0,1.9459101490553132,5.043425116919247,1.3862943611198906,3.258096538021482,2.3978952727983707,1.0986122886681098,0.0389610387080452,0.06493506451340868,4.166665972222338,0.49999991666668053,35.0,13.666666666666666,1,0,0.4107,FN
4.0,1.0,0.0,9.0,4.0,6.0,5.0,1.6094379124341003,1.791759469228055,1.9459101490553132,1.6094379124341003,2.302585092994046,0.6931471805599453,0.799999840000032,1.799999640000072,0.9999997500000625,1.4999996250000938,13.0,5.666666666666667,1,0,0.4214,FN
2.0,2.0,0.0,8.0,26.0,1.0,149.0,1.0986122886681098,5.0106352940962555,0.6931471805599453,3.295836866004329,2.1972245773362196,1.0986122886681098,0.013422818701860278,0.05369127480744111,12.99999350000325,0.499999750000125,34.0,12.0,0,0,0.4534,TN
2.0,2.0,0.0,4.0,3.0,1.0,10.0,1.0986122886681098,2.3978952727983707,0.6931471805599453,1.3862943611198906,1.6094379124341003,1.0986122886681098,0.19999998000000202,0.39999996000000404,1.499999250000375,0.499999750000125,7.0,3.0,0,0,0.2317,TN
2.0,1.0,0.0,3.0,5.0,0.0,88.0,1.0986122886681098,4.48863636973214,0.0,1.791759469228055,1.3862943611198906,0.6931471805599453,0.02272727246900827,0.034090908703512404,2.499998750000625,0.0,8.0,3.3333333333333335,0,0,0.3474,TN
13.0,3.0,0.0,8.0,32.0,4.0,134.0,2.6390573296152584,4.90527477843843,1.6094379124341003,3.4965075614664802,2.1972245773362196,1.3862943611198906,0.09701492464914235,0.05970149209177991,2.461538272189364,0.3076922840236705,40.0,17.666666666666668,0,0,0.4678,TN
20.0,1.0,0.0,80.0,20.0,190.0,20.0,3.044522437723423,3.044522437723423,5.25227342804663,3.044522437723423,4.394449154672439,0.6931471805599453,0.9999999500000024,3.9999998000000097,0.9999999500000024,9.499999525000023,100.0,40.0,1,1,0.6979,TP
14.0,1.0,0.0,7.0,33.0,47.0,344.0,2.70805020110221,5.84354441703136,3.871201010907891,3.5263605246161616,2.0794415416798357,0.6931471805599453,0.04069767430029746,0.02034883715014873,2.3571426887755225,3.3571426173469563,40.0,18.0,1,0,0.5833,FN
4.0,2.0,0.0,8.0,29.0,4.0,141.0,1.6094379124341003,4.955827057601261,1.6094379124341003,3.4011973816621555,2.1972245773362196,1.0986122886681098,0.028368794125044013,0.056737588250088025,7.249998187500453,0.9999997500000625,37.0,13.666666666666666,0,0,0.2625,TN
3.0,2.0,0.0,11.0,14.0,3.0,61.0,1.3862943611198906,4.127134385045092,1.3862943611198906,2.70805020110221,2.4849066497880004,1.0986122886681098,0.049180327062617595,0.1803278658962645,4.666665111111629,0.9999996666667778,25.0,9.333333333333334,0,0,0.1932,TN
10.0,1.0,0.0,0.0,15.0,37.0,64.0,2.3978952727983707,4.174387269895637,3.6375861597263857,2.772588722239781,0.0,0.6931471805599453,0.15624999755859378,0.0,1.4999998500000151,3.699999630000037,15.0,8.333333333333334,0,0,0.1691,TN
17.0,2.0,0.0,14.0,58.0,100.0,444.0,2.8903717578961645,6.09807428216624,4.61512051684126,4.07753744390572,2.70805020110221,1.0986122886681098,0.038288288202053405,0.031531531460514566,3.411764505190323,5.882352595155729,72.0,29.666666666666668,1,1,0.7879,TP
3.0,2.0,0.0,7.0,13.0,3.0,41.0,1.3862943611198906,3.7376696182833684,1.3862943611198906,2.6390573296152584,2.0794415416798357,1.0986122886681098,0.07317072992266513,0.1707317031528853,4.33333188888937,0.9999996666667778,20.0,7.666666666666667,0,0,0.226,TN
6.0,5.0,0.0,4.0,13.0,9.0,70.0,1.9459101490553132,4.2626798770413155,2.302585092994046,2.6390573296152584,1.6094379124341003,1.791759469228055,0.08571428448979594,0.05714285632653063,2.1666663055556157,1.4999997500000417,17.0,7.666666666666667,0,0,0.2396,TN
5.0,1.0,0.0,3.0,19.0,2.0,157.0,1.791759469228055,5.062595033026967,1.0986122886681098,2.995732273553991,1.3862943611198906,0.6931471805599453,0.0318471335551138,0.01910828013306828,3.799999240000152,0.399999920000016,22.0,9.0,0,0,0.3991,TN
3.0,1.0,0.0,6.0,17.0,0.0,156.0,1.3862943611198906,5.056245805348308,0.0,2.8903717578961645,1.9459101490553132,0.6931471805599453,0.01923076910749507,0.03846153821499014,5.666664777778407,0.0,23.0,8.666666666666666,0,0,0.3697,TN
1.0,7.0,0.0,2.0,10.0,0.0,41.0,0.6931471805599453,3.7376696182833684,0.0,2.3978952727983707,1.0986122886681098,2.0794415416798357,0.024390243307555043,0.048780486615110086,9.999990000010001,0.0,12.0,4.333333333333333,1,0,0.2264,FN
21.0,1.0,0.0,2.0,36.0,38.0,620.0,3.091042453358316,6.431331081933479,3.6635616461296463,3.6109179126442243,1.0986122886681098,0.6931471805599453,0.03387096768730489,0.0032258064464099896,1.714285632653065,1.809523723356013,38.0,19.666666666666668,1,0,0.5868,FN
9.0,3.0,0.0,11.0,16.0,36.0,70.0,2.302585092994046,4.2626798770413155,3.6109179126442243,2.833213344056216,2.4849066497880004,1.3862943611198906,0.1285714267346939,0.15714285489795923,1.7777775802469358,3.9999995555556054,27.0,12.0,1,0,0.341,FN
13.0,3.0,2.0,9.0,34.0,0.0,345.0,2.6390573296152584,5.846438775057725,0.0,3.5553480614894135,2.302585092994046,1.3862943611198906,0.03768115931106911,0.026086956446124764,2.6153844142011993,0.0,43.0,18.666666666666668,1,1,0.7795,TP
13.0,1.0,0.0,57.0,28.0,0.0,161.0,2.6390573296152584,5.087596335232384,0.0,3.367295829986474,4.060443010546419,0.6931471805599453,0.08074534111338298,0.35403726488175613,2.1538459881656933,0.0,85.0,32.666666666666664,0,0,0.5799,TN
3.0,1.0,0.0,25.0,4.0,3.0,23.0,1.3862943611198906,3.1780538303479458,1.3862943611198906,1.6094379124341003,3.258096538021482,0.6931471805599453,0.1304347769376184,1.0869564744801532,1.333332888889037,0.9999996666667778,29.0,10.666666666666666,0,0,0.326,TN
13.0,2.0,0.0,8.0,29.0,34.0,179.0,2.6390573296152584,5.19295685089021,3.5553480614894135,3.4011973816621555,2.1972245773362196,1.0986122886681098,0.0726256979182922,0.0446927371804875,2.230769059171611,2.6153844142011993,37.0,16.666666666666668,1,1,0.6707,TP
15.0,1.0,0.0,9.0,22.0,0.0,286.0,2.772588722239781,5.659482215759621,0.0,3.1354942159291497,2.302585092994046,0.6931471805599453,0.052447552264169396,0.03146853135850164,1.4666665688888956,0.0,31.0,15.333333333333334,1,1,0.7384,TP
25.0,2.0,0.0,4.0,67.0,0.0,991.0,3.258096538021482,6.899723107284872,0.0,4.219507705176107,1.6094379124341003,1.0986122886681098,0.025227043365058485,0.004036326938409357,2.679999892800004,0.0,71.0,32.0,0,1,0.6144,FP
5.0,7.0,0.0,11.0,57.0,0.0,438.0,1.791759469228055,6.0844994130751715,0.0,4.060443010546419,2.4849066497880004,2.0794415416798357,0.01141552508809241,0.0251141551938033,11.399997720000457,0.0,68.0,24.333333333333332,0,0,0.1844,TN
15.0,1.0,18.0,23.0,33.0,7.0,229.0,2.772588722239781,5.438079308923196,2.0794415416798357,3.5263605246161616,3.1780538303479458,0.6931471805599453,0.0655021831200778,0.1004366807841193,2.199999853333343,0.46666663555555765,56.0,23.666666666666668,1,0,0.4827,FN
3.0,2.0,1.0,12.0,22.0,3.0,72.0,1.3862943611198906,4.290459441148391,1.3862943611198906,3.1354942159291497,2.5649493574615367,1.0986122886681098,0.041666666087962975,0.1666666643518519,7.333330888889703,0.9999996666667778,34.0,12.333333333333334,0,0,0.1873,TN
3.0,1.0,0.0,7.0,13.0,3.0,113.0,1.3862943611198906,4.736198448394496,1.3862943611198906,2.6390573296152584,2.0794415416798357,0.6931471805599453,0.02654867233142768,0.061946902106664585,4.33333188888937,0.9999996666667778,20.0,7.666666666666667,0,0,0.3185,TN
3.0,4.0,0.0,2.0,9.0,0.0,34.0,1.3862943611198906,3.5553480614894135,0.0,2.302585092994046,1.0986122886681098,1.6094379124341003,0.08823529152249143,0.05882352768166096,2.9999990000003334,0.0,11.0,4.666666666666667,0,0,0.3151,TN
10.0,2.0,0.0,9.0,31.0,23.0,182.0,2.3978952727983707,5.209486152841421,3.1780538303479458,3.4657359027997265,2.302585092994046,1.0986122886681098,0.05494505464315904,0.04945054917884314,3.0999996900000313,2.299999770000023,40.0,16.666666666666668,0,0,0.3956,TN
13.0,4.0,0.0,15.0,44.0,62.0,264.0,2.6390573296152584,5.579729825986222,4.143134726391533,3.8066624897703196,2.772588722239781,1.6094379124341003,0.04924242405589991,0.05681818160296143,3.384615124260375,4.769230402366892,59.0,24.0,1,0,0.3218,FN
12.0,1.0,2.0,18.0,13.0,42.0,62.0,2.5649493574615367,4.143134726391533,3.7612001156935624,2.6390573296152584,2.9444389791664403,0.6931471805599453,0.19354838397502608,0.29032257596253913,1.083333243055563,3.499999708333358,31.0,14.333333333333334,0,0,0.5491,TN
38.0,2.0,0.0,21.0,68.0,627.0,326.0,3.6635616461296463,5.7899601708972535,6.4425401664681985,4.23410650459726,3.091042453358316,1.0986122886681098,0.11656441682035455,0.06441717771651173,1.789473637119115,16.499999565789487,89.0,42.333333333333336,1,0,0.464,FN
11.0,2.0,0.0,1.0,23.0,39.0,136.0,2.4849066497880004,4.919980925828125,3.6888794541139363,3.1780538303479458,0.6931471805599453,1.0986122886681098,0.08088235234645329,0.007352941122404845,2.090908900826464,3.5454542231405255,24.0,11.666666666666666,0,0,0.2444,TN
6.0,1.0,0.0,6.0,9.0,15.0,34.0,1.9459101490553132,3.5553480614894135,2.772588722239781,2.302585092994046,1.9459101490553132,0.6931471805599453,0.17647058304498286,0.17647058304498286,1.4999997500000417,2.4999995833334028,15.0,7.0,0,0,0.2301,TN
13.0,1.0,0.0,27.0,23.0,68.0,400.0,2.6390573296152584,5.993961427306569,4.23410650459726,3.1780538303479458,3.332204510175204,0.6931471805599453,0.03249999991875,0.06749999983125,1.7692306331361052,5.2307688284023985,50.0,21.0,1,0,0.5774,FN
20.0,1.0,0.0,2.0,34.0,158.0,262.0,3.044522437723423,5.572154032177765,5.0689042022202315,3.5553480614894135,1.0986122886681098,0.6931471805599453,0.07633587757123711,0.007633587757123711,1.6999999150000042,7.899999605000019,36.0,18.666666666666668,1,0,0.4182,FN
10.0,5.0,0.0,8.0,30.0,31.0,158.0,2.3978952727983707,5.0689042022202315,3.4657359027997265,3.4339872044851463,2.1972245773362196,1.791759469228055,0.0632911388399295,0.0506329110719436,2.9999997000000302,3.0999996900000313,38.0,16.0,0,0,0.2588,TN
13.0,2.0,0.0,8.0,32.0,52.0,201.0,2.6390573296152584,5.308267697401205,3.970291913552122,3.4965075614664802,2.1972245773362196,1.0986122886681098,0.06467661659364868,0.039800994826860725,2.461538272189364,3.9999996923077163,40.0,17.666666666666668,0,0,0.5377,TN
10.0,5.0,0.0,6.0,29.0,0.0,212.0,2.3978952727983707,5.3612921657094255,0.0,3.4011973816621555,1.9459101490553132,1.791759469228055,0.04716981109825561,0.028301886658953366,2.899999710000029,0.0,35.0,15.0,0,0,0.3134,TN
3.0,3.0,0.0,6.0,4.0,1.0,22.0,1.3862943611198906,3.1354942159291497,0.6931471805599453,1.6094379124341003,1.9459101490553132,1.3862943611198906,0.13636363016528952,0.27272726033057904,1.333332888889037,0.33333322222225925,10.0,4.333333333333333,1,0,0.5306,FN
15.0,1.0,0.0,17.0,28.0,29.0,371.0,2.772588722239781,5.918893854273146,3.4011973816621555,3.367295829986474,2.8903717578961645,0.6931471805599453,0.04043126673738203,0.0458221023023663,1.8666665422222306,1.9333332044444531,45.0,20.0,0,1,0.7406,FP
3.0,2.0,0.0,5.0,7.0,1.0,29.0,1.3862943611198906,3.4011973816621555,0.6931471805599453,2.0794415416798357,1.791759469228055,1.0986122886681098,0.10344827229488716,0.17241378715814526,2.3333325555558146,0.33333322222225925,12.0,5.0,0,0,0.468,TN
4.0,1.0,0.0,2.0,16.0,0.0,92.0,1.6094379124341003,4.532599493153256,0.0,2.833213344056216,1.0986122886681098,0.6931471805599453,0.04347826039697543,0.021739130198487715,3.99999900000025,0.0,18.0,7.333333333333333,0,0,0.3476,TN
5.0,1.0,0.0,1.0,22.0,10.0,103.0,1.791759469228055,4.6443908991413725,2.3978952727983707,3.1354942159291497,0.6931471805599453,0.6931471805599453,0.048543688849090404,0.00970873776981808,4.399999120000176,1.99999960000008,23.0,9.333333333333334,0,0,0.3216,TN
61.0,1.0,0.0,14.0,99.0,1708.0,811.0,4.127134385045092,6.699500340161678,7.443663683115591,4.605170185988092,2.70805020110221,0.6931471805599453,0.07521578289122592,0.017262638696346932,1.6229507930663805,27.999999540983616,113.0,58.0,0,1,0.6552,FP
25.0,1.0,0.0,6.0,26.0,276.0,136.0,3.258096538021482,4.919980925828125,5.6240175061873385,3.295836866004329,1.9459101490553132,0.6931471805599453,0.18382352806012112,0.04411764673442907,1.0399999584000017,11.039999558400018,32.0,19.0,0,0,0.4712,TN
19.0,2.0,0.0,6.0,33.0,95.0,321.0,2.995732273553991,5.7745515455444085,4.564348191467836,3.5263605246161616,1.9459101490553132,1.0986122886681098,0.059190030968255355,0.01869158872681748,1.7368420138504201,4.999999736842119,39.0,19.333333333333332,1,1,0.828,TP
5.0,2.0,0.0,9.0,25.0,4.0,137.0,1.791759469228055,4.927253685157205,1.6094379124341003,3.258096538021482,2.302585092994046,1.0986122886681098,0.03649635009856679,0.06569343017742021,4.9999990000002,0.799999840000032,34.0,13.0,0,0,0.3013,TN
12.0,1.0,3.0,8.0,25.0,46.0,102.0,2.5649493574615367,4.634728988229636,3.8501476017100584,3.258096538021482,2.1972245773362196,0.6931471805599453,0.11764705767012688,0.0784313717800846,2.083333159722237,3.833333013888916,33.0,15.0,0,0,0.3353,TN
18.0,1.0,0.0,30.0,39.0,0.0,432.0,2.9444389791664403,6.07073772800249,0.0,3.6888794541139363,3.4339872044851463,0.6931471805599453,0.04166666657021605,0.06944444428369341,2.166666546296303,0.0,69.0,29.0,0,1,0.7153,FP
4.0,2.0,0.0,21.0,12.0,0.0,170.0,1.6094379124341003,5.14166355650266,0.0,2.5649493574615367,3.091042453358316,1.0986122886681098,0.02352941162629758,0.1235294110380623,2.9999992500001875,0.0,33.0,12.333333333333334,0,0,0.3821,TN
37.0,5.0,0.0,45.0,139.0,484.0,775.0,3.6375861597263857,6.654152520183219,6.184148890937483,4.941642422609304,3.828641396489095,1.791759469228055,0.04774193542226847,0.0580645160541103,3.7567566552227936,13.08108072753836,184.0,73.66666666666667,0,0,0.5207,TN
7.0,1.0,0.0,8.0,21.0,9.0,207.0,2.0794415416798357,5.337538079701318,2.302585092994046,3.091042453358316,2.1972245773362196,0.6931471805599453,0.033816424957408574,0.03864734280846694,2.9999995714286327,1.2857141020408425,29.0,12.0,1,0,0.4497,FN
3.0,2.0,0.0,10.0,16.0,3.0,56.0,1.3862943611198906,4.04305126783455,1.3862943611198906,2.833213344056216,2.3978952727983707,1.0986122886681098,0.05357142761479594,0.17857142538265314,5.333331555556148,0.9999996666667778,26.0,9.666666666666666,0,0,0.1986,TN
2.0,1.0,0.0,9.0,8.0,1.0,24.0,1.0986122886681098,3.2188758248682006,0.6931471805599453,2.1972245773362196,2.302585092994046,0.6931471805599453,0.08333332986111125,0.37499998437500065,3.999998000001,0.499999750000125,17.0,6.333333333333333,1,0,0.3299,FN
3.0,1.0,0.0,3.0,16.0,1.0,60.0,1.3862943611198906,4.110873864173311,0.6931471805599453,2.833213344056216,1.3862943611198906,0.6931471805599453,0.049999999166666684,0.049999999166666684,5.333331555556148,0.33333322222225925,19.0,7.333333333333333,0,0,0.3808,TN
14.0,3.0,0.0,7.0,31.0,0.0,182.0,2.70805020110221,5.209486152841421,0.0,3.4657359027997265,2.0794415416798357,1.3862943611198906,0.07692307650042265,0.03846153825021133,2.2142855561224604,0.0,38.0,17.333333333333332,1,1,0.6138,TP
6.0,1.0,5.0,19.0,19.0,13.0,119.0,1.9459101490553132,4.787491742782046,2.6390573296152584,2.995732273553991,2.995732273553991,0.6931471805599453,0.050420167643528004,0.15966386420450535,3.166666138888977,2.1666663055556157,38.0,14.666666666666666,1,0,0.3564,FN
2.0,0.0,0.0,2.0,3.0,1.0,7.0,1.0986122886681098,2.0794415416798357,0.6931471805599453,1.3862943611198906,1.0986122886681098,0.0,0.285714244897965,0.285714244897965,1.499999250000375,0.499999750000125,5.0,2.3333333333333335,0,0,0.1499,TN
15.0,3.0,0.0,6.0,37.0,5.0,434.0,2.772588722239781,6.075346031088684,1.791759469228055,3.6375861597263857,1.9459101490553132,1.3862943611198906,0.03456221190193039,0.013824884760772154,2.466666502222233,0.3333333111111126,43.0,19.333333333333332,1,1,0.6967,TP
8.0,1.0,0.0,2.0,9.0,0.0,1107.0,2.1972245773362196,7.010311867307229,0.0,2.302585092994046,1.0986122886681098,0.6931471805599453,0.007226738927527787,0.0018066847318819468,1.1249998593750177,0.0,11.0,6.333333333333333,0,0,0.5302,TN
7.0,1.0,0.0,16.0,7.0,21.0,7.0,2.0794415416798357,2.0794415416798357,3.091042453358316,2.0794415416798357,2.833213344056216,0.6931471805599453,0.9999998571428775,2.28571395918372,0.9999998571428775,2.9999995714286327,23.0,10.0,1,0,0.3584,FN
4.0,1.0,0.0,7.0,54.0,4.0,318.0,1.6094379124341003,5.765191102784844,1.6094379124341003,4.007333185232471,2.0794415416798357,0.6931471805599453,0.012578616312645861,0.022012578547130256,13.499996625000843,0.9999997500000625,61.0,21.666666666666668,0,0,0.5023,TN
14.0,1.0,1.0,32.0,47.0,55.0,535.0,2.70805020110221,6.284134161070802,4.02535169073515,3.871201010907891,3.4965075614664802,0.6931471805599453,0.026168224250152854,0.059813084000349376,3.3571426173469563,3.928571147959204,79.0,31.0,0,0,0.5858,TN
10.0,1.0,0.0,10.0,29.0,43.0,91.0,2.3978952727983707,4.5217885770490405,3.784189633918261,3.4011973816621555,2.3978952727983707,0.6931471805599453,0.10989010868252629,0.10989010868252629,2.899999710000029,4.299999570000043,39.0,16.333333333333332,0,0,0.2517,TN
1.0,1.0,0.0,13.0,1.0,0.0,1.0,0.6931471805599453,0.6931471805599453,0.0,0.6931471805599453,2.6390573296152584,0.6931471805599453,0.9999990000010001,12.999987000013,0.9999990000010001,0.0,14.0,5.0,0,0,0.4042,TN
3.0,3.0,0.0,6.0,7.0,0.0,29.0,1.3862943611198906,3.4011973816621555,0.0,2.0794415416798357,1.9459101490553132,1.3862943611198906,0.10344827229488716,0.20689654458977433,2.3333325555558146,0.0,13.0,5.333333333333333,1,0,0.5343,FN
10.0,3.0,0.0,8.0,46.0,11.0,334.0,2.3978952727983707,5.814130531825066,2.4849066497880004,3.8501476017100584,2.1972245773362196,1.3862943611198906,0.029940119670837966,0.023952095736670374,4.599999540000046,1.099999890000011,54.0,21.333333333333332,0,1,0.6752,FP
120.0,1.0,0.0,365.0,288.0,6692.0,2384.0,4.795790545596741,7.776954403322442,8.808817483100642,5.666426688112432,5.902633333401366,0.6931471805599453,0.050335570448684745,0.1531040267814161,2.39999998,55.76666620194445,653.0,257.6666666666667,1,1,0.6914,TP
6.0,1.0,0.0,9.0,9.0,3.0,52.0,1.9459101490553132,3.970291913552122,1.3862943611198906,2.302585092994046,2.302585092994046,0.6931471805599453,0.11538461316568052,0.17307691974852077,1.4999997500000417,0.49999991666668053,18.0,8.0,0,0,0.266,TN
2.0,5.0,0.0,3.0,7.0,0.0,25.0,1.0986122886681098,3.258096538021482,0.0,2.0794415416798357,1.3862943611198906,1.791759469228055,0.07999999680000013,0.11999999520000018,3.499998250000875,0.0,10.0,4.0,0,0,0.1885,TN
6.0,2.0,0.0,17.0,21.0,13.0,108.0,1.9459101490553132,4.6913478822291435,2.6390573296152584,3.091042453358316,2.8903717578961645,1.0986122886681098,0.05555555504115227,0.15740740594993144,3.4999994166667636,2.1666663055556157,38.0,14.666666666666666,0,0,0.3812,TN
6.0,1.0,0.0,3.0,11.0,0.0,56.0,1.9459101490553132,4.04305126783455,0.0,2.4849066497880004,1.3862943611198906,0.6931471805599453,0.10714285522959188,0.05357142761479594,1.8333330277778286,0.0,14.0,6.666666666666667,0,0,0.2752,TN
4.0,5.0,0.0,3.0,9.0,2.0,47.0,1.6094379124341003,3.871201010907891,1.0986122886681098,2.302585092994046,1.3862943611198906,1.791759469228055,0.08510638116794934,0.06382978587596201,2.2499994375001404,0.49999987500003124,12.0,5.333333333333333,0,0,0.2775,TN
5.0,1.0,0.0,12.0,19.0,10.0,143.0,1.791759469228055,4.969813299576001,2.3978952727983707,2.995732273553991,2.5649493574615367,0.6931471805599453,0.034965034720524237,0.08391608332925816,3.799999240000152,1.99999960000008,31.0,12.0,0,0,0.3691,TN
14.0,1.0,0.0,57.0,32.0,45.0,277.0,2.70805020110221,5.627621113690637,3.828641396489095,3.4965075614664802,4.060443010546419,0.6931471805599453,0.050541516063027016,0.20577617254232428,2.2857141224489914,3.214285484693894,89.0,34.333333333333336,0,0,0.5371,TN
3.0,2.0,0.0,7.0,8.0,0.0,29.0,1.3862943611198906,3.4011973816621555,0.0,2.1972245773362196,2.0794415416798357,1.0986122886681098,0.10344827229488716,0.24137930202140337,2.666665777778074,0.0,15.0,6.0,0,0,0.4283,TN
51.0,1.0,0.0,4.0,71.0,1025.0,481.0,3.9512437185814275,6.1779441140506,6.933423025730715,4.276666119016055,1.6094379124341003,0.6931471805599453,0.1060291058086713,0.008316008298719318,1.3921568354479052,20.098038821607084,75.0,42.0,0,0,0.5062,TN
14.0,1.0,0.0,10.0,42.0,73.0,192.0,2.70805020110221,5.262690188904886,4.30406509320417,3.7612001156935624,2.3978952727983707,0.6931471805599453,0.07291666628689236,0.05208333306206597,2.999999785714301,5.214285341836762,52.0,22.0,0,0,0.3031,TN
7.0,2.0,0.0,12.0,24.0,0.0,122.0,2.0794415416798357,4.812184355372417,0.0,3.2188758248682006,2.5649493574615367,1.0986122886681098,0.05737704871002419,0.09836065493147005,3.42857093877558,0.0,36.0,14.333333333333334,0,0,0.4587,TN
12.0,4.0,2.0,21.0,20.0,54.0,83.0,2.5649493574615367,4.430816798843313,4.007333185232471,3.044522437723423,3.091042453358316,1.6094379124341003,0.14457831151110467,0.2530120451444332,1.6666665277777895,4.499999625000031,41.0,17.666666666666668,0,0,0.5392,TN
5.0,1.0,0.0,1.0,13.0,8.0,44.0,1.791759469228055,3.8066624897703196,2.1972245773362196,2.6390573296152584,0.6931471805599453,0.6931471805599453,0.11363636105371908,0.022727272210743815,2.599999480000104,1.599999680000064,14.0,6.333333333333333,1,0,0.322,FN
10.0,2.0,12.0,24.0,27.0,31.0,162.0,2.3978952727983707,5.093750200806762,3.4657359027997265,3.332204510175204,3.2188758248682006,1.0986122886681098,0.06172839468068892,0.1481481472336534,2.699999730000027,3.0999996900000313,51.0,20.333333333333332,1,0,0.4384,FN
3.0,3.0,0.0,8.0,9.0,0.0,44.0,1.3862943611198906,3.8066624897703196,0.0,2.302585092994046,2.1972245773362196,1.3862943611198906,0.06818181663223144,0.18181817768595052,2.9999990000003334,0.0,17.0,6.666666666666667,0,0,0.4301,TN
4.0,6.0,0.0,3.0,9.0,0.0,45.0,1.6094379124341003,3.828641396489095,0.0,2.302585092994046,1.3862943611198906,1.9459101490553132,0.0888888869135803,0.06666666518518523,2.2499994375001404,0.0,12.0,5.333333333333333,0,0,0.2009,TN
2.0,1.0,0.0,5.0,2.0,1.0,2.0,1.0986122886681098,1.0986122886681098,0.6931471805599453,1.0986122886681098,1.791759469228055,0.6931471805599453,0.99999950000025,2.499998750000625,0.99999950000025,0.499999750000125,7.0,3.0,1,0,0.4722,FN
4.0,1.0,0.0,5.0,15.0,2.0,226.0,1.6094379124341003,5.424950017481403,1.0986122886681098,2.772588722239781,1.791759469228055,0.6931471805599453,0.01769911496593312,0.0221238937074164,3.749999062500234,0.49999987500003124,20.0,8.0,0,0,0.4643,TN
5.0,1.0,4.0,7.0,8.0,8.0,34.0,1.791759469228055,3.5553480614894135,2.1972245773362196,2.1972245773362196,2.0794415416798357,0.6931471805599453,0.1470588192041524,0.20588234688581333,1.599999680000064,1.599999680000064,15.0,6.666666666666667,0,0,0.3188,TN
18.0,1.0,0.0,10.0,56.0,137.0,319.0,2.9444389791664403,5.768320995793772,4.927253685157205,4.04305126783455,2.3978952727983707,0.6931471805599453,0.0564263321115162,0.03134796228417567,3.1111109382716142,7.611110688271628,66.0,28.0,0,1,0.7467,FP
7.0,2.0,0.0,9.0,8.0,15.0,44.0,2.0794415416798357,3.8066624897703196,2.772588722239781,2.1972245773362196,2.302585092994046,1.0986122886681098,0.1590909054752067,0.20454544989669432,1.14285697959186,2.1428568367347376,17.0,8.0,0,0,0.2164,TN
17.0,2.0,0.0,8.0,33.0,0.0,227.0,2.8903717578961645,5.429345628954441,0.0,3.5263605246161616,2.1972245773362196,1.0986122886681098,0.07488986751149838,0.035242290593646294,1.9411763564013906,0.0,41.0,19.333333333333332,1,1,0.8027,TP
3.0,3.0,0.0,3.0,8.0,3.0,92.0,1.3862943611198906,4.532599493153256,1.3862943611198906,2.1972245773362196,1.3862943611198906,1.3862943611198906,0.032608695297731576,0.032608695297731576,2.666665777778074,0.9999996666667778,11.0,4.666666666666667,0,0,0.3278,TN
8.0,1.0,0.0,1.0,14.0,0.0,318.0,2.1972245773362196,5.765191102784844,0.0,2.70805020110221,0.6931471805599453,0.6931471805599453,0.025157232625291723,0.0031446540781614653,1.7499997812500274,0.0,15.0,7.666666666666667,1,0,0.4682,FN
4.0,3.0,0.0,8.0,12.0,4.0,55.0,1.6094379124341003,4.02535169073515,1.6094379124341003,2.5649493574615367,2.1972245773362196,1.3862943611198906,0.0727272714049587,0.1454545428099174,2.9999992500001875,0.9999997500000625,20.0,8.0,1,0,0.3601,FN
20.0,2.0,0.0,15.0,30.0,142.0,191.0,3.044522437723423,5.2574953720277815,4.962844630259907,3.4339872044851463,2.772588722239781,1.0986122886681098,0.10471204133658617,0.07853403100243964,1.4999999250000036,7.099999645000017,45.0,21.666666666666668,1,0,0.4225,FN
4.0,1.0,0.0,13.0,21.0,4.0,132.0,1.6094379124341003,4.890349128221754,1.6094379124341003,3.091042453358316,2.6390573296152584,0.6931471805599453,0.030303030073461894,0.09848484773875116,5.2499986875003275,0.9999997500000625,34.0,12.666666666666666,0,0,0.2641,TN
11.0,4.0,0.0,8.0,45.0,15.0,279.0,2.4849066497880004,5.634789603169249,2.772588722239781,3.828641396489095,2.1972245773362196,1.6094379124341003,0.03942652315617734,0.028673835022674427,4.090908719008299,1.3636362396694328,53.0,21.333333333333332,1,0,0.3837,FN
6.0,2.0,0.0,10.0,25.0,0.0,91.0,1.9459101490553132,4.5217885770490405,0.0,3.258096538021482,2.3978952727983707,1.0986122886681098,0.06593406520951577,0.10989010868252629,4.166665972222338,0.0,35.0,13.666666666666666,1,0,0.3962,FN
3.0,1.0,0.0,6.0,10.0,0.0,66.0,1.3862943611198906,4.204692619390966,0.0,2.3978952727983707,1.9459101490553132,0.6931471805599453,0.04545454476584023,0.09090908953168046,3.3333322222225923,0.0,16.0,6.333333333333333,1,0,0.4852,FN
17.0,1.0,0.0,4.0,31.0,0.0,970.0,2.8903717578961645,6.878326468291325,0.0,3.4657359027997265,1.6094379124341003,0.6931471805599453,0.01752577317780848,0.004123711335954937,1.823529304498276,0.0,35.0,17.333333333333332,0,0,0.5507,TN
9.0,4.0,0.0,2.0,13.0,36.0,52.0,2.302585092994046,3.970291913552122,3.6109179126442243,2.6390573296152584,1.0986122886681098,1.6094379124341003,0.17307691974852077,0.03846153772189351,1.4444442839506353,3.9999995555556054,15.0,8.0,1,1,0.7461,TP
25.0,1.0,0.0,10.0,58.0,234.0,257.0,3.258096538021482,5.552959584921617,5.459585514144159,4.07753744390572,2.3978952727983707,0.6931471805599453,0.09727626421293283,0.03891050568517313,2.3199999072000037,9.359999625600015,68.0,31.0,0,0,0.4382,TN
13.0,6.0,0.0,16.0,86.0,50.0,638.0,2.6390573296152584,6.459904454377535,3.9318256327243257,4.465908118654584,2.833213344056216,1.9459101490553132,0.020376175516651763,0.025078369866648322,6.615384106508915,3.846153550295881,102.0,38.333333333333336,0,0,0.172,TN
5.0,1.0,0.0,2.0,6.0,0.0,103.0,1.791759469228055,4.6443908991413725,0.0,1.9459101490553132,1.0986122886681098,0.6931471805599453,0.048543688849090404,0.01941747553963616,1.199999760000048,0.0,8.0,4.333333333333333,0,0,0.3404,TN
3.0,1.0,0.0,3.0,20.0,3.0,127.0,1.3862943611198906,4.852030263919617,1.3862943611198906,3.044522437723423,1.3862943611198906,0.6931471805599453,0.023622047058094117,0.023622047058094117,6.666664444445185,0.9999996666667778,23.0,8.666666666666666,0,0,0.2338,TN
6.0,5.0,0.0,1.0,12.0,15.0,74.0,1.9459101490553132,4.31748811353631,2.772588722239781,2.5649493574615367,0.6931471805599453,1.791759469228055,0.08108107998539081,0.01351351333089847,1.9999996666667221,2.4999995833334028,13.0,6.333333333333333,0,0,0.2396,TN
8.0,2.0,0.0,8.0,31.0,0.0,187.0,2.1972245773362196,5.236441962829949,0.0,3.4657359027997265,2.1972245773362196,1.0986122886681098,0.04278074843432755,0.04278074843432755,3.8749995156250607,0.0,39.0,15.666666666666666,0,0,0.538,TN
6.0,1.0,0.0,14.0,6.0,15.0,6.0,1.9459101490553132,1.9459101490553132,2.772588722239781,1.9459101490553132,2.70805020110221,0.6931471805599453,0.9999998333333611,2.3333329444445092,0.9999998333333611,2.4999995833334028,20.0,8.666666666666666,1,0,0.3743,FN
9.0,1.0,0.0,6.0,23.0,0.0,208.0,2.302585092994046,5.342334251964811,0.0,3.1780538303479458,1.9459101490553132,0.6931471805599453,0.04326923056120562,0.028846153707470415,2.55555527160497,0.0,29.0,12.666666666666666,1,0,0.5035,FN
3.0,2.0,0.0,13.0,27.0,3.0,128.0,1.3862943611198906,4.859812404361672,1.3862943611198906,3.332204510175204,2.6390573296152584,1.0986122886681098,0.02343749981689453,0.10156249920654298,8.999997000000999,0.9999996666667778,40.0,14.333333333333334,0,0,0.1927,TN
4.0,3.0,0.0,13.0,32.0,4.0,155.0,1.6094379124341003,5.049856007249537,1.6094379124341003,3.4965075614664802,2.6390573296152584,1.3862943611198906,0.02580645144640999,0.08387096720083247,7.9999980000005,0.9999997500000625,45.0,16.333333333333332,1,0,0.2283,FN
7.0,1.0,0.0,4.0,17.0,5.0,109.0,2.0794415416798357,4.700480365792417,1.791759469228055,2.8903717578961645,1.6094379124341003,0.6931471805599453,0.06422018289706255,0.036697247369750025,2.4285710816327026,0.7142856122449125,21.0,9.333333333333334,1,0,0.4682,FN
10.0,1.0,0.0,11.0,39.0,39.0,1308.0,2.3978952727983707,7.1770187659099,3.6888794541139363,3.6888794541139363,2.4849066497880004,0.6931471805599453,0.00764525993299292,0.008409785926292213,3.899999610000039,3.899999610000039,50.0,20.0,0,1,0.7539,FP
5.0,2.0,0.0,3.0,19.0,2.0,188.0,1.791759469228055,5.241747015059643,1.0986122886681098,2.995732273553991,1.3862943611198906,1.0986122886681098,0.026595744539384337,0.015957446723630603,3.799999240000152,0.399999920000016,22.0,9.0,0,0,0.4773,TN
6.0,1.0,0.0,11.0,22.0,3.0,202.0,1.9459101490553132,5.313205979041787,1.3862943611198906,3.1354942159291497,2.4849066497880004,0.6931471805599453,0.029702970149985297,0.05445544527497304,3.666666055555657,0.49999991666668053,33.0,13.0,0,0,0.3895,TN
10.0,1.0,2.0,14.0,12.0,3.0,69.0,2.3978952727983707,4.248495242049359,1.3862943611198906,2.5649493574615367,2.70805020110221,0.6931471805599453,0.14492753413148501,0.20289854778407904,1.199999880000012,0.299999970000003,26.0,12.0,1,0,0.4545,FN
51.0,1.0,0.0,25.0,77.0,43.0,1122.0,3.9512437185814275,7.023758954738443,3.784189633918261,4.356708826689592,3.258096538021482,0.6931471805599453,0.045454545414033376,0.02228163990883989,1.5098038919646297,0.8431372383698581,102.0,51.0,1,1,0.7542,TP
5.0,2.0,0.0,19.0,18.0,0.0,84.0,1.791759469228055,4.442651256490317,0.0,2.9444389791664403,2.995732273553991,1.0986122886681098,0.05952380881519275,0.22619047349773247,3.599999280000144,0.0,37.0,14.0,1,0,0.3372,FN
6.0,1.0,0.0,0.0,6.0,15.0,6.0,1.9459101490553132,1.9459101490553132,2.772588722239781,1.9459101490553132,0.0,0.6931471805599453,0.9999998333333611,0.0,0.9999998333333611,2.4999995833334028,6.0,4.0,0,0,0.2527,TN
21.0,2.0,2.0,9.0,58.0,156.0,373.0,3.091042453358316,5.924255797414532,5.056245805348308,4.07753744390572,2.302585092994046,1.0986122886681098,0.05630026794557569,0.024128686262389582,2.7619046303854935,7.428571074829948,67.0,29.333333333333332,0,1,0.6986,FP
92.0,3.0,0.0,34.0,261.0,3726.0,2704.0,4.532599493153256,7.902857191280582,8.223358899479258,5.568344503761097,3.5553480614894135,1.3862943611198906,0.034023668626470535,0.012573964492391286,2.836956490902647,40.499999559782616,295.0,129.0,1,1,0.8412,TP
2.0,1.0,0.0,15.0,2.0,1.0,2.0,1.0986122886681098,1.0986122886681098,0.6931471805599453,1.0986122886681098,2.772588722239781,0.6931471805599453,0.99999950000025,7.499996250001875,0.99999950000025,0.499999750000125,17.0,6.333333333333333,1,0,0.3953,FN
3.0,1.0,1.0,6.0,9.0,1.0,52.0,1.3862943611198906,3.970291913552122,0.6931471805599453,2.302585092994046,1.9459101490553132,0.6931471805599453,0.05769230658284026,0.11538461316568052,2.9999990000003334,0.33333322222225925,15.0,6.0,0,0,0.3595,TN
8.0,0.0,2.0,16.0,43.0,28.0,208.0,2.1972245773362196,5.342334251964811,3.367295829986474,3.784189633918261,2.833213344056216,0.0,0.03846153827662722,0.07692307655325444,5.374999328125084,3.499999562500055,59.0,22.333333333333332,0,0,0.1601,TN
4.0,2.0,0.0,1.0,5.0,6.0,10.0,1.6094379124341003,2.3978952727983707,1.9459101490553132,1.791759469228055,0.6931471805599453,1.0986122886681098,0.39999996000000404,0.09999999000000101,1.249999687500078,1.4999996250000938,6.0,3.3333333333333335,1,0,0.2867,FN
10.0,4.0,1.0,3.0,20.0,43.0,64.0,2.3978952727983707,4.174387269895637,3.784189633918261,3.044522437723423,1.3862943611198906,1.6094379124341003,0.15624999755859378,0.04687499926757814,1.99999980000002,4.299999570000043,23.0,11.0,1,1,0.6075,TP
9.0,2.0,1.0,7.0,18.0,0.0,66.0,2.302585092994046,4.204692619390966,0.0,2.9444389791664403,2.0794415416798357,1.0986122886681098,0.13636363429752069,0.10606060445362721,1.9999997777778027,0.0,25.0,11.333333333333334,1,0,0.5492,FN
18.0,1.0,1.0,14.0,64.0,127.0,714.0,2.9444389791664403,6.5722825426940075,4.852030263919617,4.174387269895637,2.70805020110221,0.6931471805599453,0.025210083998305204,0.01960784310979294,3.5555553580247024,7.0555551635802685,78.0,32.0,1,1,0.7483,TP
24.0,4.0,0.0,13.0,103.0,176.0,1046.0,3.2188758248682006,6.953684210870537,5.176149732573829,4.6443908991413725,2.6390573296152584,1.6094379124341003,0.022944550647280543,0.01242829826727696,4.2916664878472295,7.33333302777779,116.0,46.666666666666664,1,1,0.7338,TP
2.0,3.0,0.0,4.0,5.0,0.0,21.0,1.0986122886681098,3.091042453358316,0.0,1.791759469228055,1.6094379124341003,1.3862943611198906,0.09523809070294806,0.19047618140589612,2.499998750000625,0.0,9.0,3.6666666666666665,0,0,0.3455,TN
8.0,1.0,0.0,6.0,23.0,0.0,154.0,2.1972245773362196,5.043425116919247,0.0,3.1780538303479458,1.9459101490553132,0.6931471805599453,0.051948051610726936,0.0389610387080452,2.8749996406250453,0.0,29.0,12.333333333333334,1,0,0.5242,FN
11.0,1.0,0.0,8.0,75.0,53.0,968.0,2.4849066497880004,6.876264611890766,3.9889840465642745,4.330733340286331,2.1972245773362196,0.6931471805599453,0.01136363635189707,0.008264462801379687,6.8181811983471645,4.8181813801653295,83.0,31.333333333333332,1,1,0.6864,TP
34.0,2.0,1.0,13.0,60.0,187.0,700.0,3.5553480614894135,6.55250788703459,5.236441962829949,4.110873864173311,2.6390573296152584,1.0986122886681098,0.04857142850204082,0.01857142854489796,1.7647058304498286,5.4999998382353,73.0,35.666666666666664,1,1,0.8723,TP
1.0,4.0,0.0,3.0,2.0,0.0,6.0,0.6931471805599453,1.9459101490553132,0.0,1.0986122886681098,1.3862943611198906,1.6094379124341003,0.16666663888889352,0.49999991666668053,1.9999980000020001,0.0,5.0,2.0,1,0,0.2899,FN
10.0,6.0,0.0,12.0,57.0,15.0,687.0,2.3978952727983707,6.5337888379333435,2.772588722239781,4.060443010546419,2.5649493574615367,1.9459101490553132,0.014556040735726286,0.017467248882871544,5.699999430000058,1.4999998500000151,69.0,26.333333333333332,0,0,0.2194,TN
3.0,5.0,0.0,4.0,10.0,0.0,34.0,1.3862943611198906,3.5553480614894135,0.0,2.3978952727983707,1.6094379124341003,1.791759469228055,0.08823529152249143,0.11764705536332191,3.3333322222225923,0.0,14.0,5.666666666666667,1,0,0.3566,FN
5.0,2.0,0.0,9.0,10.0,10.0,39.0,1.791759469228055,3.6888794541139363,2.3978952727983707,2.3978952727983707,2.302585092994046,1.0986122886681098,0.12820512491781733,0.2307692248520712,1.99999960000008,1.99999960000008,19.0,8.0,0,0,0.3708,TN
10.0,2.0,0.0,9.0,54.0,1.0,470.0,2.3978952727983707,6.154858094016418,0.6931471805599453,4.007333185232471,2.302585092994046,1.0986122886681098,0.0212765956994115,0.01914893612947035,5.399999460000054,0.09999999000000101,63.0,24.333333333333332,1,1,0.6754,TP
3.0,2.0,0.0,3.0,36.0,3.0,241.0,1.3862943611198906,5.488937726156687,1.3862943611198906,3.6109179126442243,1.3862943611198906,1.0986122886681098,0.012448132728430985,0.012448132728430985,11.999996000001333,0.9999996666667778,39.0,14.0,1,0,0.1953,FN
7.0,4.0,0.0,13.0,16.0,21.0,45.0,2.0794415416798357,3.828641396489095,3.091042453358316,2.833213344056216,2.6390573296152584,1.6094379124341003,0.1555555520987655,0.28888888246913597,2.28571395918372,2.9999995714286327,29.0,12.0,0,0,0.2674,TN
9.0,1.0,0.0,11.0,43.0,28.0,416.0,2.302585092994046,6.0330862217988015,3.367295829986474,3.784189633918261,2.4849066497880004,0.6931471805599453,0.0216346153326091,0.026442307628744454,4.777777246913639,3.1111107654321373,54.0,21.0,0,1,0.6644,FP
6.0,1.0,0.0,7.0,6.0,15.0,6.0,1.9459101490553132,1.9459101490553132,2.772588722239781,1.9459101490553132,2.0794415416798357,0.6931471805599453,0.9999998333333611,1.1666664722222546,0.9999998333333611,2.4999995833334028,13.0,6.333333333333333,0,0,0.3323,TN
2.0,2.0,0.0,16.0,25.0,1.0,179.0,1.0986122886681098,5.19295685089021,0.6931471805599453,3.258096538021482,2.833213344056216,1.0986122886681098,0.011173184295121876,0.089385474360975,12.499993750003124,0.499999750000125,41.0,14.333333333333334,0,0,0.3923,TN
2.0,3.0,0.0,4.0,4.0,1.0,11.0,1.0986122886681098,2.4849066497880004,0.6931471805599453,1.6094379124341003,1.6094379124341003,1.3862943611198906,0.1818181652892577,0.3636363305785154,1.9999990000005,0.499999750000125,8.0,3.3333333333333335,0,0,0.2777,TN
3.0,2.0,5.0,7.0,4.0,1.0,16.0,1.3862943611198906,2.833213344056216,0.6931471805599453,1.6094379124341003,2.0794415416798357,1.0986122886681098,0.18749998828125072,0.4374999726562517,1.333332888889037,0.33333322222225925,11.0,4.666666666666667,0,0,0.2403,TN
3.0,1.0,0.0,7.0,10.0,0.0,83.0,1.3862943611198906,4.430816798843313,0.0,2.3978952727983707,2.0794415416798357,0.6931471805599453,0.03614457787777617,0.08433734838147773,3.3333322222225923,0.0,17.0,6.666666666666667,1,0,0.4667,FN
4.0,1.0,0.0,0.0,40.0,6.0,323.0,1.6094379124341003,5.780743515792329,1.9459101490553132,3.713572066704308,0.0,0.6931471805599453,0.01238390089045232,0.0,9.999997500000624,1.4999996250000938,40.0,14.666666666666666,0,0,0.3892,TN
8.0,2.0,0.0,4.0,15.0,0.0,102.0,2.1972245773362196,4.634728988229636,0.0,2.772588722239781,1.6094379124341003,1.0986122886681098,0.0784313717800846,0.0392156858900423,1.8749997656250295,0.0,19.0,9.0,1,0,0.5076,FN
3.0,1.0,3.0,11.0,4.0,3.0,6.0,1.3862943611198906,1.9459101490553132,1.3862943611198906,1.6094379124341003,2.4849066497880004,0.6931471805599453,0.49999991666668053,1.8333330277778286,1.333332888889037,0.9999996666667778,15.0,6.0,0,0,0.441,TN
9.0,3.0,0.0,21.0,54.0,0.0,314.0,2.302585092994046,5.752572638825633,0.0,4.007333185232471,3.091042453358316,1.3862943611198906,0.028662420290884012,0.06687898067872936,5.999999333333408,0.0,75.0,28.0,0,1,0.6084,FP
8.0,3.0,0.0,6.0,27.0,0.0,141.0,2.1972245773362196,4.955827057601261,0.0,3.332204510175204,1.9459101490553132,1.3862943611198906,0.056737588250088025,0.04255319118756602,3.374999578125053,0.0,33.0,13.666666666666666,0,0,0.4234,TN
1.0,3.0,0.0,1.0,2.0,0.0,5.0,0.6931471805599453,1.791759469228055,0.0,1.0986122886681098,0.6931471805599453,1.3862943611198906,0.199999960000008,0.199999960000008,1.9999980000020001,0.0,3.0,1.3333333333333333,0,0,0.2136,TN
9.0,2.0,0.0,3.0,36.0,8.0,311.0,2.302585092994046,5.7430031878094825,2.1972245773362196,3.6109179126442243,1.3862943611198906,1.0986122886681098,0.028938906659360428,0.00964630221978681,3.9999995555556054,0.8888887901234679,39.0,16.0,0,0,0.4914,TN
8.0,7.0,0.0,6.0,60.0,20.0,295.0,2.1972245773362196,5.69035945432406,3.044522437723423,4.110873864173311,1.9459101490553132,2.0794415416798357,0.027118643975869005,0.020338982981901753,7.499999062500118,2.4999996875000394,66.0,24.666666666666668,0,0,0.1892,TN
42.0,3.0,21.0,47.0,98.0,0.0,327.0,3.7612001156935624,5.793013608384144,0.0,4.59511985013459,3.871201010907891,1.3862943611198906,0.12844036657969307,0.1437308864106089,2.333333277777779,0.0,145.0,62.333333333333336,0,0,0.4667,TN
2.0,1.0,0.0,5.0,5.0,1.0,15.0,1.0986122886681098,2.772588722239781,0.6931471805599453,1.791759469228055,1.791759469228055,0.6931471805599453,0.13333332444444504,0.3333333111111126,2.499998750000625,0.499999750000125,10.0,4.0,0,0,0.2768,TN
14.0,2.0,2.0,9.0,40.0,27.0,594.0,2.70805020110221,6.38856140554563,3.332204510175204,3.713572066704308,2.302585092994046,1.0986122886681098,0.02356902352934508,0.01515151512600755,2.8571426530612394,1.9285712908163364,49.0,21.0,1,1,0.8014,TP
2.0,1.0,0.0,6.0,13.0,1.0,53.0,1.0986122886681098,3.9889840465642745,0.6931471805599453,2.6390573296152584,1.9459101490553132,0.6931471805599453,0.03773584834460664,0.11320754503381991,6.499996750001625,0.499999750000125,19.0,7.0,1,0,0.3311,FN
2.0,1.0,0.0,6.0,21.0,1.0,144.0,1.0986122886681098,4.976733742420574,0.6931471805599453,3.091042453358316,1.9459101490553132,0.6931471805599453,0.013888888792438273,0.041666666377314816,10.499994750002624,0.499999750000125,27.0,9.666666666666666,0,0,0.4393,TN
2.0,4.0,0.0,4.0,8.0,1.0,25.0,1.0986122886681098,3.258096538021482,0.6931471805599453,2.1972245773362196,1.6094379124341003,1.6094379124341003,0.07999999680000013,0.15999999360000025,3.999998000001,0.499999750000125,12.0,4.666666666666667,0,0,0.3584,TN
9.0,3.0,0.0,24.0,68.0,18.0,442.0,2.302585092994046,6.093569770045136,2.9444389791664403,4.23410650459726,3.2188758248682006,1.3862943611198906,0.02036199090415839,0.054298642411089046,7.5555547160494765,1.9999997777778027,92.0,33.666666666666664,0,0,0.4843,TN
15.0,1.0,0.0,0.0,15.0,105.0,15.0,2.772588722239781,2.772588722239781,4.663439094112067,2.772588722239781,0.0,0.6931471805599453,0.9999999333333378,0.0,0.9999999333333378,6.999999533333365,15.0,10.0,0,0,0.23,TN
4.0,4.0,12.0,15.0,7.0,4.0,22.0,1.6094379124341003,3.1354942159291497,1.6094379124341003,2.0794415416798357,2.772588722239781,1.6094379124341003,0.18181817355371938,0.6818181508264477,1.7499995625001092,0.9999997500000625,22.0,8.666666666666666,0,0,0.3829,TN
3.0,2.0,0.0,5.0,15.0,0.0,116.0,1.3862943611198906,4.762173934797756,0.0,2.772588722239781,1.791759469228055,1.0986122886681098,0.025862068742568373,0.043103447904280626,4.999998333333888,0.0,20.0,7.666666666666667,0,0,0.4518,TN
56.0,1.0,0.0,35.0,146.0,728.0,2031.0,4.04305126783455,7.616775808698373,6.591673732008658,4.990432586778736,3.58351893845611,0.6931471805599453,0.02757262430941771,0.01723289019338607,2.6071428105867356,12.999999767857148,181.0,79.0,1,1,0.7651,TP
118.0,1.0,0.0,1.0,180.0,6075.0,5209.0,4.77912349311153,8.558335134747413,8.712101863715663,5.198497031265826,0.6931471805599453,0.6931471805599453,0.02265310039879956,0.00019197542710847081,1.5254237158862398,51.48305041116059,181.0,99.66666666666667,0,1,0.6132,FP
3.0,1.0,0.0,5.0,7.0,0.0,106.0,1.3862943611198906,4.672828834461906,0.0,2.0794415416798357,1.791759469228055,0.6931471805599453,0.0283018865254539,0.0471698108757565,2.3333325555558146,0.0,12.0,5.0,0,1,0.6165,FP
6.0,1.0,0.0,8.0,6.0,15.0,6.0,1.9459101490553132,1.9459101490553132,2.772588722239781,1.9459101490553132,2.1972245773362196,0.6931471805599453,0.9999998333333611,1.3333331111111482,0.9999998333333611,2.4999995833334028,14.0,6.666666666666667,0,0,0.31,TN
2.0,2.0,0.0,6.0,3.0,0.0,17.0,1.0986122886681098,2.8903717578961645,0.0,1.3862943611198906,1.9459101490553132,1.0986122886681098,0.11764705190311459,0.35294115570934376,1.499999250000375,0.0,9.0,3.6666666666666665,1,0,0.3849,FN
7.0,2.0,0.0,3.0,10.0,21.0,54.0,2.0794415416798357,4.007333185232471,3.091042453358316,2.3978952727983707,1.3862943611198906,1.0986122886681098,0.12962962722908097,0.05555555452674899,1.428571224489825,2.9999995714286327,13.0,6.666666666666667,0,0,0.4543,TN
6.0,2.0,0.0,5.0,23.0,9.0,160.0,1.9459101490553132,5.081404364984463,2.302585092994046,3.1780538303479458,1.791759469228055,1.0986122886681098,0.037499999765625,0.0312499998046875,3.8333326944445507,1.4999997500000417,28.0,11.333333333333334,0,0,0.5308,TN
2.0,6.0,0.0,4.0,33.0,1.0,184.0,1.0986122886681098,5.220355825078324,0.6931471805599453,3.5263605246161616,1.6094379124341003,1.9459101490553132,0.01086956515831758,0.02173913031663516,16.499991750004124,0.499999750000125,37.0,13.0,0,0,0.257,TN
13.0,3.0,13.0,24.0,45.0,46.0,189.0,2.6390573296152584,5.247024072160486,3.8501476017100584,3.828641396489095,3.2188758248682006,1.3862943611198906,0.0687830684191372,0.1269841263122533,3.461538195266293,3.5384612662722104,69.0,27.333333333333332,0,0,0.3859,TN
6.0,1.0,0.0,2.0,20.0,3.0,110.0,1.9459101490553132,4.709530201312334,1.3862943611198906,3.044522437723423,1.0986122886681098,0.6931471805599453,0.05454545404958678,0.018181818016528926,3.33333277777787,0.49999991666668053,22.0,9.333333333333334,0,0,0.5705,TN
22.0,2.0,0.0,6.0,36.0,197.0,310.0,3.1354942159291497,5.739792912179234,5.288267030694535,3.6109179126442243,1.9459101490553132,1.0986122886681098,0.07096774170655568,0.019354838647242457,1.6363635619834744,8.954545047520678,42.0,21.333333333333332,1,1,0.7567,TP
13.0,1.0,0.0,7.0,40.0,58.0,292.0,2.6390573296152584,5.680172609017068,4.07753744390572,3.713572066704308,2.0794415416798357,0.6931471805599453,0.04452054779273785,0.023972602657628073,3.076922840236705,4.461538118343222,47.0,20.0,0,0,0.324,TN
7.0,3.0,0.0,13.0,31.0,9.0,298.0,2.0794415416798357,5.700443573390687,2.302585092994046,3.4657359027997265,2.6390573296152584,1.3862943611198906,0.02348993280708076,0.0436241609274357,4.428570795918458,1.2857141020408425,44.0,17.0,1,0,0.5514,FN
3.0,3.0,0.0,6.0,6.0,3.0,21.0,1.3862943611198906,3.091042453358316,1.3862943611198906,1.9459101490553132,1.9459101490553132,1.3862943611198906,0.14285713605442207,0.28571427210884415,1.9999993333335555,0.9999996666667778,12.0,5.0,0,0,0.3885,TN
8.0,1.0,0.0,7.0,42.0,14.0,308.0,2.1972245773362196,5.733341276897746,2.70805020110221,3.7612001156935624,2.0794415416798357,0.6931471805599453,0.025974025889694722,0.022727272653482882,5.2499993437500825,1.7499997812500274,49.0,19.0,1,1,0.6551,TP
14.0,6.0,0.0,7.0,56.0,51.0,557.0,2.70805020110221,6.324358962381311,3.9512437185814275,4.04305126783455,2.0794415416798357,1.9459101490553132,0.025134649865108348,0.012567324932554174,3.999999714285735,3.64285688265308,63.0,25.666666666666668,0,0,0.1915,TN
3.0,3.0,0.0,2.0,11.0,3.0,25.0,1.3862943611198906,3.258096538021482,1.3862943611198906,2.4849066497880004,1.0986122886681098,1.3862943611198906,0.11999999520000018,0.07999999680000013,3.6666654444448517,0.9999996666667778,13.0,5.333333333333333,0,0,0.3565,TN
13.0,1.0,2.0,12.0,37.0,56.0,269.0,2.6390573296152584,5.598421958998375,4.04305126783455,3.6375861597263857,2.5649493574615367,0.6931471805599453,0.04832713736681361,0.044609665261674106,2.846153627218952,4.307691976331387,49.0,20.666666666666668,0,0,0.3752,TN
3.0,2.0,0.0,10.0,21.0,3.0,106.0,1.3862943611198906,4.672828834461906,1.3862943611198906,3.091042453358316,2.3978952727983707,1.0986122886681098,0.0283018865254539,0.094339621751513,6.999997666667444,0.9999996666667778,31.0,11.333333333333334,1,0,0.1848,FN
6.0,1.0,0.0,4.0,10.0,1.0,50.0,1.9459101490553132,3.9318256327243257,0.6931471805599453,2.3978952727983707,1.6094379124341003,0.6931471805599453,0.11999999760000006,0.07999999840000004,1.666666388888935,0.16666663888889352,14.0,6.666666666666667,0,0,0.2656,TN
19.0,1.0,1.0,32.0,29.0,107.0,186.0,2.995732273553991,5.231108616854587,4.68213122712422,3.4011973816621555,3.4965075614664802,0.6931471805599453,0.10215053708521217,0.17204300982772575,1.5263157091412785,5.631578650969544,61.0,26.666666666666668,1,1,0.7805,TP
27.0,1.0,0.0,20.0,65.0,65.0,1240.0,3.332204510175204,7.123672785204607,4.189654742026425,4.189654742026425,3.044522437723423,0.6931471805599453,0.02177419353082726,0.01612903224505723,2.4074073182441733,2.4074073182441733,85.0,37.333333333333336,0,1,0.7606,FP
77.0,1.0,0.0,50.0,243.0,2706.0,2480.0,4.356708826689592,7.816416983691801,7.903596289614301,5.497168225293202,3.9318256327243257,0.6931471805599453,0.031048387084254683,0.020161290314451092,3.1558441148591676,35.142856686456405,293.0,123.33333333333333,1,1,0.7581,TP
2.0,1.0,0.0,4.0,4.0,1.0,9.0,1.0986122886681098,2.302585092994046,0.6931471805599453,1.6094379124341003,1.6094379124341003,0.6931471805599453,0.22222219753086697,0.44444439506173394,1.9999990000005,0.499999750000125,8.0,3.3333333333333335,0,0,0.243,TN
4.0,3.0,0.0,7.0,30.0,0.0,173.0,1.6094379124341003,5.159055299214529,0.0,3.4339872044851463,2.0794415416798357,1.3862943611198906,0.023121387149587357,0.04046242751177788,7.499998125000468,0.0,37.0,13.666666666666666,1,0,0.2329,FN
49.0,4.0,1.0,31.0,210.0,844.0,2937.0,3.912023005428146,7.9854843567338225,6.739336627357174,5.351858133476067,3.4657359027997265,1.6094379124341003,0.01668369083531369,0.010554988079484172,4.285714198250731,17.224489444398177,241.0,96.66666666666667,1,1,0.8726,TP
16.0,6.0,0.0,15.0,101.0,80.0,577.0,2.833213344056216,6.359573868672378,4.394449154672439,4.624972813284271,2.772588722239781,1.9459101490553132,0.027729636000468568,0.025996533750439282,6.3124996054687745,4.999999687500019,116.0,44.0,0,0,0.2009,TN
6.0,3.0,0.0,8.0,19.0,15.0,149.0,1.9459101490553132,5.0106352940962555,2.772588722239781,2.995732273553991,2.1972245773362196,1.3862943611198906,0.04026845610558083,0.05369127480744111,3.166666138888977,2.4999995833334028,27.0,11.0,1,0,0.4304,FN
14.0,2.0,0.0,10.0,33.0,29.0,400.0,2.70805020110221,5.993961427306569,3.4011973816621555,3.5263605246161616,2.3978952727983707,1.0986122886681098,0.0349999999125,0.0249999999375,2.3571426887755225,2.0714284234693983,43.0,19.0,0,1,0.7186,FP
8.0,2.0,0.0,9.0,61.0,28.0,544.0,2.1972245773362196,6.300785794663244,3.367295829986474,4.127134385045092,2.302585092994046,1.0986122886681098,0.014705882325908304,0.016544117616646842,7.62499904687512,3.499999562500055,70.0,26.0,1,1,0.7089,TP
5.0,2.0,0.0,11.0,38.0,8.0,220.0,1.791759469228055,5.3981627015177525,2.1972245773362196,3.6635616461296463,2.4849066497880004,1.0986122886681098,0.022727272623966944,0.049999999772727274,7.599998480000304,1.599999680000064,49.0,18.0,0,0,0.4638,TN
9.0,1.0,0.0,3.0,18.0,30.0,79.0,2.302585092994046,4.382026634673881,3.4339872044851463,2.9444389791664403,1.3862943611198906,0.6931471805599453,0.11392404919083482,0.03797468306361161,1.9999997777778027,3.3333329629630044,21.0,10.0,1,0,0.3832,FN
13.0,3.0,0.0,10.0,36.0,20.0,369.0,2.6390573296152584,5.91350300563827,3.044522437723423,3.6109179126442243,2.3978952727983707,1.3862943611198906,0.03523035220804783,0.027100270929267558,2.769230556213034,1.5384614201183524,46.0,19.666666666666668,0,1,0.7256,FP
3.0,6.0,0.0,3.0,7.0,3.0,17.0,1.3862943611198906,2.8903717578961645,1.3862943611198906,2.0794415416798357,1.3862943611198906,1.9459101490553132,0.17647057785467188,0.17647057785467188,2.3333325555558146,0.9999996666667778,10.0,4.333333333333333,0,0,0.1949,TN
3.0,1.0,0.0,67.0,3.0,3.0,3.0,1.3862943611198906,1.3862943611198906,1.3862943611198906,1.3862943611198906,4.219507705176107,0.6931471805599453,0.9999996666667778,22.33332588889137,0.9999996666667778,0.9999996666667778,70.0,24.333333333333332,0,0,0.3197,TN
5.0,2.0,0.0,4.0,13.0,0.0,76.0,1.791759469228055,4.343805421853684,0.0,2.6390573296152584,1.6094379124341003,1.0986122886681098,0.06578947281855957,0.052631578254847655,2.599999480000104,0.0,17.0,7.333333333333333,0,0,0.4233,TN
13.0,1.0,9.0,12.0,14.0,8.0,293.0,2.6390573296152584,5.683579767338681,2.1972245773362196,2.70805020110221,2.5649493574615367,0.6931471805599453,0.04436860053116519,0.04095563125953709,1.0769229940828466,0.615384568047341,26.0,13.0,1,1,0.6775,TP
3.0,1.0,0.0,4.0,4.0,3.0,23.0,1.3862943611198906,3.1780538303479458,1.3862943611198906,1.6094379124341003,1.6094379124341003,0.6931471805599453,0.1304347769376184,0.17391303591682453,1.333332888889037,0.9999996666667778,8.0,3.6666666666666665,0,0,0.3739,TN
2.0,1.0,0.0,2.0,8.0,1.0,48.0,1.0986122886681098,3.8918202981106265,0.6931471805599453,2.1972245773362196,1.0986122886681098,0.6931471805599453,0.041666665798611134,0.041666665798611134,3.999998000001,0.499999750000125,10.0,4.0,0,0,0.4796,TN
1.0,5.0,0.0,3.0,2.0,0.0,5.0,0.6931471805599453,1.791759469228055,0.0,1.0986122886681098,1.3862943611198906,1.791759469228055,0.199999960000008,0.599999880000024,1.9999980000020001,0.0,5.0,2.0,0,0,0.1737,TN
6.0,2.0,2.0,13.0,23.0,13.0,450.0,1.9459101490553132,6.111467339502679,2.6390573296152584,3.1780538303479458,2.6390573296152584,1.0986122886681098,0.013333333303703704,0.02888888882469136,3.8333326944445507,2.1666663055556157,36.0,14.0,1,1,0.7743,TP
7.0,1.0,0.0,2.0,36.0,0.0,335.0,2.0794415416798357,5.817111159963204,0.0,3.6109179126442243,1.0986122886681098,0.6931471805599453,0.020895522325685006,0.005970149235910003,5.14285640816337,0.0,38.0,15.0,0,0,0.4607,TN
14.0,2.0,0.0,10.0,38.0,71.0,219.0,2.70805020110221,5.393627546352362,4.276666119016055,3.6635616461296463,2.3978952727983707,1.0986122886681098,0.06392694034736557,0.045662100248118266,2.7142855204081773,5.0714282091837,48.0,20.666666666666668,1,0,0.4061,FN
13.0,2.0,0.0,6.0,35.0,46.0,758.0,2.6390573296152584,6.63200177739563,3.8501476017100584,3.58351893845611,1.9459101490553132,1.0986122886681098,0.017150395755738266,0.007915567271879198,2.6923074852071167,3.5384612662722104,41.0,18.0,1,1,0.6941,TP
6.0,1.0,0.0,11.0,6.0,15.0,6.0,1.9459101490553132,1.9459101490553132,2.772588722239781,1.9459101490553132,2.4849066497880004,0.6931471805599453,0.9999998333333611,1.8333330277778286,0.9999998333333611,2.4999995833334028,17.0,7.666666666666667,0,0,0.3273,TN
13.0,2.0,0.0,5.0,35.0,6.0,281.0,2.6390573296152584,5.641907070938114,1.9459101490553132,3.58351893845611,1.791759469228055,1.0986122886681098,0.0462633450310913,0.017793594242727424,2.6923074852071167,0.4615384260355057,40.0,17.666666666666668,0,0,0.4809,TN
3.0,3.0,0.0,6.0,5.0,1.0,25.0,1.3862943611198906,3.258096538021482,0.6931471805599453,1.791759469228055,1.9459101490553132,1.3862943611198906,0.11999999520000018,0.23999999040000036,1.6666661111112961,0.33333322222225925,11.0,4.666666666666667,1,0,0.4044,FN
7.0,1.0,0.0,10.0,23.0,19.0,216.0,2.0794415416798357,5.37989735354046,2.995732273553991,3.1780538303479458,2.3978952727983707,0.6931471805599453,0.032407407257373115,0.04629629608196159,3.2857138163265978,2.7142853265306677,33.0,13.333333333333334,0,0,0.4104,TN
4.0,1.0,0.0,9.0,49.0,0.0,463.0,1.6094379124341003,6.139884552226255,0.0,3.912023005428146,2.302585092994046,0.6931471805599453,0.008639308836632163,0.019438444882422367,12.249996937500764,0.0,58.0,20.666666666666668,1,0,0.4649,FN
3.0,0.0,0.0,8.0,11.0,1.0,41.0,1.3862943611198906,3.7376696182833684,0.6931471805599453,2.4849066497880004,2.1972245773362196,0.0,0.07317072992266513,0.19512194646044034,3.6666654444448517,0.33333322222225925,19.0,7.333333333333333,0,0,0.178,TN
12.0,3.0,0.0,11.0,28.0,36.0,214.0,2.5649493574615367,5.3706380281276624,3.6109179126442243,3.367295829986474,2.4849066497880004,1.3862943611198906,0.05607476609310857,0.051401868918682855,2.3333331388889054,2.999999750000021,39.0,17.0,0,0,0.4867,TN
4.0,4.0,0.0,9.0,36.0,0.0,179.0,1.6094379124341003,5.19295685089021,0.0,3.6109179126442243,2.302585092994046,1.6094379124341003,0.02234636859024375,0.05027932932804844,8.999997750000562,0.0,45.0,16.333333333333332,1,0,0.2161,FN
42.0,1.0,14.0,28.0,78.0,809.0,498.0,3.7612001156935624,6.212606095751519,6.697034247666484,4.3694478524670215,3.367295829986474,0.6931471805599453,0.08433734922823825,0.05622489948549217,1.8571428129251712,19.261904303287995,106.0,49.333333333333336,1,0,0.5675,FN
1.0,1.0,0.0,167.0,1.0,0.0,1.0,0.6931471805599453,0.6931471805599453,0.0,0.6931471805599453,5.123963979403259,0.6931471805599453,0.9999990000010001,166.999833000167,0.9999990000010001,0.0,168.0,56.333333333333336,0,0,0.3424,TN
5.0,1.0,0.0,17.0,5.0,10.0,5.0,1.791759469228055,1.791759469228055,2.3978952727983707,1.791759469228055,2.8903717578961645,0.6931471805599453,0.99999980000004,3.399999320000136,0.99999980000004,1.99999960000008,22.0,9.0,1,0,0.3959,FN
4.0,2.0,0.0,10.0,22.0,4.0,174.0,1.6094379124341003,5.1647859739235145,1.6094379124341003,3.1354942159291497,2.3978952727983707,1.0986122886681098,0.02298850561500859,0.05747126403752147,5.499998625000344,0.9999997500000625,32.0,12.0,0,0,0.313,TN
5.0,2.0,0.0,10.0,11.0,10.0,32.0,1.791759469228055,3.4965075614664802,2.3978952727983707,2.4849066497880004,2.3978952727983707,1.0986122886681098,0.15624999511718765,0.3124999902343753,2.199999560000088,1.99999960000008,21.0,8.666666666666666,0,0,0.2988,TN
7.0,1.0,0.0,2.0,12.0,9.0,47.0,2.0794415416798357,3.871201010907891,2.302585092994046,2.5649493574615367,1.0986122886681098,0.6931471805599453,0.14893616704391135,0.04255319058397467,1.71428546938779,1.2857141020408425,14.0,7.0,0,0,0.2796,TN
8.0,2.0,0.0,4.0,22.0,4.0,273.0,2.1972245773362196,5.6131281063880705,1.6094379124341003,3.1354942159291497,1.6094379124341003,1.0986122886681098,0.02930402919668854,0.01465201459834427,2.749999656250043,0.4999999375000079,26.0,11.333333333333334,1,0,0.3289,FN
0.0,1.0,0.0,1.0,0.0,0.0,0.0,0.0,0.0,0.0,0.0,0.6931471805599453,0.6931471805599453,0.0,1000000.0,0.0,0.0,1.0,0.3333333333333333,1,0,0.2961,FN
10.0,1.0,1.0,8.0,18.0,0.0,332.0,2.3978952727983707,5.808142489980444,0.0,2.9444389791664403,2.1972245773362196,0.6931471805599453,0.030120481836986502,0.024096385469589202,1.7999998200000182,0.0,26.0,12.0,1,1,0.7169,TP
11.0,1.0,0.0,5.0,11.0,55.0,16.0,2.4849066497880004,2.833213344056216,4.02535169073515,2.4849066497880004,1.791759469228055,0.6931471805599453,0.6874999570312527,0.3124999804687512,0.9999999090909174,4.999999545454587,16.0,9.0,1,0,0.478,FN
36.0,2.0,0.0,21.0,124.0,134.0,3317.0,3.6109179126442243,8.10711747075039,4.90527477843843,4.8283137373023015,3.091042453358316,1.0986122886681098,0.010853180581593857,0.006331022005929749,3.444444348765435,3.7222221188271636,145.0,60.333333333333336,1,1,0.8332,TP
3.0,1.0,1.0,5.0,4.0,3.0,6.0,1.3862943611198906,1.9459101490553132,1.3862943611198906,1.6094379124341003,1.791759469228055,0.6931471805599453,0.49999991666668053,0.8333331944444675,1.333332888889037,0.9999996666667778,9.0,4.0,0,0,0.3715,TN
14.0,3.0,0.0,5.0,29.0,53.0,514.0,2.70805020110221,6.244166900663736,3.9889840465642745,3.4011973816621555,1.791759469228055,1.3862943611198906,0.02723735403261215,0.009727626440218625,2.0714284234693983,3.785714015306142,34.0,16.0,1,1,0.6227,TP
5.0,2.0,0.0,5.0,10.0,8.0,31.0,1.791759469228055,3.4657359027997265,2.1972245773362196,2.3978952727983707,1.791759469228055,1.0986122886681098,0.1612903173777317,0.1612903173777317,1.99999960000008,1.599999680000064,15.0,6.666666666666667,1,0,0.2285,FN
2.0,1.0,7.0,23.0,3.0,1.0,5.0,1.0986122886681098,1.791759469228055,0.6931471805599453,1.3862943611198906,3.1780538303479458,0.6931471805599453,0.399999920000016,4.599999080000184,1.499999250000375,0.499999750000125,26.0,9.333333333333334,1,0,0.4204,FN
5.0,3.0,0.0,9.0,9.0,4.0,36.0,1.791759469228055,3.6109179126442243,1.6094379124341003,2.302585092994046,2.302585092994046,1.3862943611198906,0.1388888850308643,0.24999999305555576,1.799999640000072,0.799999840000032,18.0,7.666666666666667,0,0,0.28,TN
69.0,3.0,0.0,25.0,129.0,1784.0,3050.0,4.248495242049359,8.02322468471667,7.487173694213739,4.867534450455582,3.258096538021482,1.3862943611198906,0.02262295081225477,0.008196721308787961,1.8695651902961568,25.85507208905693,154.0,74.33333333333333,1,1,0.8138,TP
2.0,1.0,0.0,12.0,18.0,1.0,75.0,1.0986122886681098,4.330733340286331,0.6931471805599453,2.9444389791664403,2.5649493574615367,0.6931471805599453,0.026666666311111118,0.1599999978666667,8.99999550000225,0.499999750000125,30.0,10.666666666666666,0,0,0.317,TN
3.0,3.0,0.0,2.0,8.0,3.0,60.0,1.3862943611198906,4.110873864173311,1.3862943611198906,2.1972245773362196,1.0986122886681098,1.3862943611198906,0.049999999166666684,0.03333333277777779,2.666665777778074,0.9999996666667778,10.0,4.333333333333333,0,0,0.4178,TN
2.0,1.0,0.0,26.0,5.0,1.0,500.0,1.0986122886681098,6.2166061010848646,0.6931471805599453,1.791759469228055,3.295836866004329,0.6931471805599453,0.003999999992,0.051999999896,2.499998750000625,0.499999750000125,31.0,11.0,1,1,0.6176,TP
3.0,1.0,0.0,6.0,6.0,3.0,23.0,1.3862943611198906,3.1780538303479458,1.3862943611198906,1.9459101490553132,1.9459101490553132,0.6931471805599453,0.1304347769376184,0.2608695538752368,1.9999993333335555,0.9999996666667778,12.0,5.0,0,0,0.328,TN
6.0,3.0,0.0,6.0,33.0,3.0,292.0,1.9459101490553132,5.680172609017068,1.3862943611198906,3.5263605246161616,1.9459101490553132,1.3862943611198906,0.020547945135109776,0.020547945135109776,5.499999083333486,0.49999991666668053,39.0,15.0,1,0,0.4834,FN
5.0,1.0,0.0,4.0,8.0,0.0,35.0,1.791759469228055,3.58351893845611,0.0,2.1972245773362196,1.6094379124341003,0.6931471805599453,0.14285713877551032,0.11428571102040827,1.599999680000064,0.0,12.0,5.666666666666667,1,0,0.4039,FN
6.0,1.0,0.0,7.0,20.0,9.0,185.0,1.9459101490553132,5.225746673713202,2.302585092994046,3.044522437723423,2.0794415416798357,0.6931471805599453,0.03243243225712199,0.03783783763330899,3.33333277777787,1.4999997500000417,27.0,11.0,0,0,0.5137,TN
6.0,1.0,0.0,3.0,14.0,7.0,63.0,1.9459101490553132,4.1588830833596715,2.0794415416798357,2.70805020110221,1.3862943611198906,0.6931471805599453,0.09523809372637947,0.04761904686318973,2.3333329444445092,1.1666664722222546,17.0,7.666666666666667,0,0,0.4603,TN
2.0,2.0,0.0,4.0,3.0,1.0,8.0,1.0986122886681098,2.1972245773362196,0.6931471805599453,1.3862943611198906,1.6094379124341003,1.0986122886681098,0.24999996875000394,0.4999999375000079,1.499999250000375,0.499999750000125,7.0,3.0,0,0,0.2565,TN
8.0,2.0,0.0,3.0,15.0,4.0,90.0,2.1972245773362196,4.51085950651685,1.6094379124341003,2.772588722239781,1.3862943611198906,1.0986122886681098,0.08888888790123459,0.03333333296296297,1.8749997656250295,0.4999999375000079,18.0,8.666666666666666,1,0,0.4219,FN
1.0,1.0,0.0,16.0,1.0,0.0,1.0,0.6931471805599453,0.6931471805599453,0.0,0.6931471805599453,2.833213344056216,0.6931471805599453,0.9999990000010001,15.999984000016001,0.9999990000010001,0.0,17.0,6.0,0,0,0.4232,TN
6.0,1.0,0.0,6.0,13.0,0.0,55.0,1.9459101490553132,4.02535169073515,0.0,2.6390573296152584,1.9459101490553132,0.6931471805599453,0.10909090710743806,0.10909090710743806,2.1666663055556157,0.0,19.0,8.333333333333334,0,0,0.5344,TN
5.0,2.0,0.0,16.0,41.0,6.0,181.0,1.791759469228055,5.204006687076795,1.9459101490553132,3.7376696182833684,2.833213344056216,1.0986122886681098,0.0276243092396447,0.08839778956686305,8.199998360000327,1.199999760000048,57.0,20.666666666666668,1,0,0.4238,FN
2.0,3.0,0.0,6.0,5.0,1.0,14.0,1.0986122886681098,2.70805020110221,0.6931471805599453,1.791759469228055,1.9459101490553132,1.3862943611198906,0.14285713265306196,0.42857139795918586,2.499998750000625,0.499999750000125,11.0,4.333333333333333,0,0,0.3216,TN
13.0,1.0,0.0,1.0,13.0,78.0,13.0,2.6390573296152584,2.6390573296152584,4.3694478524670215,2.6390573296152584,0.6931471805599453,0.6931471805599453,0.9999999230769291,0.07692307100591762,0.9999999230769291,5.999999538461575,14.0,9.0,1,0,0.3464,FN
15.0,5.0,0.0,27.0,107.0,67.0,564.0,2.772588722239781,6.336825731146441,4.219507705176107,4.68213122712422,3.332204510175204,1.791759469228055,0.02659574463369549,0.04787234034065188,7.13333285777781,4.466666368888909,134.0,49.666666666666664,0,0,0.2209,TN
9.0,1.0,0.0,2.0,27.0,18.0,236.0,2.302585092994046,5.4680601411351315,2.9444389791664403,3.332204510175204,1.0986122886681098,0.6931471805599453,0.03813559305874749,0.008474576235277219,2.999999666666704,1.9999997777778027,29.0,12.666666666666666,1,0,0.418,FN
8.0,1.0,2.0,8.0,14.0,8.0,175.0,2.1972245773362196,5.170483995038151,2.1972245773362196,2.70805020110221,2.1972245773362196,0.6931471805599453,0.04571428545306123,0.04571428545306123,1.7499997812500274,0.9999998750000157,22.0,10.0,0,0,0.5917,TN
19.0,4.0,0.0,2.0,24.0,171.0,105.0,2.995732273553991,4.663439094112067,5.147494476813453,3.2188758248682006,1.0986122886681098,1.6094379124341003,0.18095237922902496,0.019047618866213156,1.263157828254851,8.999999526315815,26.0,15.0,1,1,0.8582,TP
6.0,3.0,0.0,5.0,9.0,15.0,31.0,1.9459101490553132,3.4657359027997265,2.772588722239781,2.302585092994046,1.791759469228055,1.3862943611198906,0.19354838085327802,0.1612903173777317,1.4999997500000417,2.4999995833334028,14.0,6.666666666666667,0,0,0.2795,TN
4.0,2.0,0.0,2.0,5.0,6.0,12.0,1.6094379124341003,2.5649493574615367,1.9459101490553132,1.791759469228055,1.0986122886681098,1.0986122886681098,0.3333333055555579,0.16666665277777895,1.249999687500078,1.4999996250000938,7.0,3.6666666666666665,1,0,0.3334,FN
27.0,4.0,0.0,2.0,35.0,351.0,171.0,3.332204510175204,5.147494476813453,5.863631175598097,3.58351893845611,1.0986122886681098,1.6094379124341003,0.15789473591874423,0.011695906364351425,1.2962962482853242,12.999999518518536,37.0,21.333333333333332,1,1,0.7568,TP
3.0,4.0,0.0,6.0,22.0,3.0,82.0,1.3862943611198906,4.418840607796598,1.3862943611198906,3.1354942159291497,1.9459101490553132,1.6094379124341003,0.036585365407495546,0.07317073081499109,7.333330888889703,0.9999996666667778,28.0,10.333333333333334,0,0,0.2606,TN
3.0,1.0,0.0,1.0,4.0,1.0,14.0,1.3862943611198906,2.70805020110221,0.6931471805599453,1.6094379124341003,0.6931471805599453,0.6931471805599453,0.21428569897959293,0.07142856632653098,1.333332888889037,0.33333322222225925,5.0,2.6666666666666665,0,0,0.2678,TN
9.0,2.0,0.0,5.0,13.0,36.0,59.0,2.302585092994046,4.0943445622221,3.6109179126442243,2.6390573296152584,1.791759469228055,1.0986122886681098,0.15254237029589204,0.08474576127549557,1.4444442839506353,3.9999995555556054,18.0,9.0,0,0,0.354,TN
3.0,2.0,0.0,10.0,5.0,3.0,18.0,1.3862943611198906,2.9444389791664403,1.3862943611198906,1.791759469228055,2.3978952727983707,1.0986122886681098,0.1666666574074079,0.5555555246913597,1.6666661111112961,0.9999996666667778,15.0,6.0,0,0,0.1939,TN
3.0,1.0,0.0,6.0,18.0,3.0,67.0,1.3862943611198906,4.219507705176107,1.3862943611198906,2.9444389791664403,1.9459101490553132,0.6931471805599453,0.044776118734684796,0.08955223746936959,5.999998000000667,0.9999996666667778,24.0,9.0,0,0,0.2583,TN
5.0,2.0,0.0,10.0,13.0,4.0,55.0,1.791759469228055,4.02535169073515,1.6094379124341003,2.6390573296152584,2.3978952727983707,1.0986122886681098,0.09090908925619838,0.18181817851239676,2.599999480000104,0.799999840000032,23.0,9.333333333333334,0,0,0.2881,TN
4.0,1.0,0.0,5.0,7.0,4.0,35.0,1.6094379124341003,3.58351893845611,1.6094379124341003,2.0794415416798357,1.791759469228055,0.6931471805599453,0.11428571102040827,0.14285713877551032,1.7499995625001092,0.9999997500000625,12.0,5.333333333333333,0,0,0.2871,TN
4.0,4.0,0.0,3.0,10.0,0.0,41.0,1.6094379124341003,3.7376696182833684,0.0,2.3978952727983707,1.3862943611198906,1.6094379124341003,0.09756097323022017,0.07317072992266513,2.499999375000156,0.0,13.0,5.666666666666667,1,0,0.3235,FN
17.0,1.0,0.0,6.0,39.0,110.0,165.0,2.8903717578961645,5.111987788356544,4.709530201312334,3.6888794541139363,1.9459101490553132,0.6931471805599453,0.10303030240587696,0.036363636143250694,2.2941175121107342,6.470587854671303,45.0,20.666666666666668,0,0,0.4088,TN
23.0,1.0,0.0,6.0,57.0,41.0,1257.0,3.1780538303479458,7.1372784372603855,3.7376696182833684,4.060443010546419,1.9459101490553132,0.6931471805599453,0.018297533796103792,0.004773269685940119,2.478260761814749,1.7826086181474512,63.0,28.666666666666668,0,1,0.7098,FP
7.0,1.0,0.0,1.0,19.0,1.0,437.0,2.0794415416798357,6.082218910376446,0.6931471805599453,2.995732273553991,0.6931471805599453,0.6931471805599453,0.016018306599500442,0.002288329514214349,2.7142853265306677,0.1428571224489825,20.0,9.0,0,0,0.5105,TN
7.0,3.0,0.0,16.0,73.0,1.0,828.0,2.0794415416798357,6.720220155135295,0.6931471805599453,4.30406509320417,2.833213344056216,1.3862943611198906,0.008454106269982964,0.019323671474246774,10.428569938775723,0.1428571224489825,89.0,32.0,0,1,0.6306,FP
5.0,6.0,0.0,7.0,34.0,2.0,203.0,1.791759469228055,5.318119993844216,1.0986122886681098,3.5553480614894135,2.0794415416798357,1.9459101490553132,0.024630541750588465,0.03448275845082385,6.799998640000272,0.399999920000016,41.0,15.333333333333334,0,0,0.2215,TN
6.0,4.0,0.0,6.0,17.0,0.0,85.0,1.9459101490553132,4.454347296253507,0.0,2.8903717578961645,1.9459101490553132,1.6094379124341003,0.07058823446366783,0.07058823446366783,2.83333286111119,0.0,23.0,9.666666666666666,1,0,0.4655,FN
12.0,1.0,0.0,3.0,12.0,66.0,12.0,2.5649493574615367,2.5649493574615367,4.204692619390966,2.5649493574615367,1.3862943611198906,0.6931471805599453,0.9999999166666736,0.2499999791666684,0.9999999166666736,5.499999541666705,15.0,9.0,1,0,0.5368,FN
7.0,1.0,0.0,0.0,7.0,21.0,7.0,2.0794415416798357,2.0794415416798357,3.091042453358316,2.0794415416798357,0.0,0.6931471805599453,0.9999998571428775,0.0,0.9999998571428775,2.9999995714286327,7.0,4.666666666666667,0,0,0.2501,TN
44.0,3.0,1.0,17.0,131.0,588.0,1328.0,3.8066624897703196,7.192182058713246,6.3784261836515865,4.882801922586371,2.8903717578961645,1.3862943611198906,0.03313253009553273,0.012801204809637645,2.97727265960744,13.363636059917363,148.0,64.0,1,1,0.8856,TP
29.0,1.0,0.0,39.0,116.0,90.0,1109.0,3.4011973816621555,7.01211529430638,4.51085950651685,4.762173934797756,3.6888794541139363,0.6931471805599453,0.026149684376781165,0.035166816920498806,3.9999998620689703,3.1034481688466147,155.0,61.333333333333336,1,1,0.7221,TP
4.0,1.0,0.0,2.0,12.0,4.0,38.0,1.6094379124341003,3.6635616461296463,1.6094379124341003,2.5649493574615367,1.0986122886681098,0.6931471805599453,0.10526315512465383,0.05263157756232691,2.9999992500001875,0.9999997500000625,14.0,6.0,1,0,0.4208,FN
8.0,2.0,0.0,11.0,11.0,22.0,58.0,2.1972245773362196,4.07753744390572,3.1354942159291497,2.4849066497880004,2.4849066497880004,1.0986122886681098,0.1379310321046374,0.1896551691438764,1.3749998281250215,2.749999656250043,22.0,10.0,0,0,0.4084,TN
8.0,1.0,0.0,7.0,33.0,0.0,305.0,2.1972245773362196,5.723585101952381,0.0,3.5263605246161616,2.0794415416798357,0.6931471805599453,0.026229508110722926,0.022950819596882558,4.124999484375065,0.0,40.0,16.0,1,1,0.6177,TP
13.0,1.0,6.0,16.0,19.0,70.0,121.0,2.6390573296152584,4.804021044733257,4.2626798770413155,2.995732273553991,2.833213344056216,0.6931471805599453,0.10743801564100813,0.13223140386585616,1.4615383491124347,5.384614970414233,35.0,16.0,1,1,0.7635,TP
10.0,2.0,0.0,7.0,16.0,15.0,125.0,2.3978952727983707,4.836281906951478,2.772588722239781,2.833213344056216,2.0794415416798357,1.0986122886681098,0.07999999936,0.055999999552,1.5999998400000162,1.4999998500000151,23.0,11.0,1,1,0.6594,TP
5.0,1.0,0.0,0.0,15.0,8.0,479.0,1.791759469228055,6.173786103901937,2.1972245773362196,2.772588722239781,0.0,0.6931471805599453,0.010438413339377008,0.0,2.99999940000012,1.599999680000064,15.0,6.666666666666667,0,0,0.5762,TN
2.0,5.0,0.0,2.0,6.0,0.0,21.0,1.0986122886681098,3.091042453358316,0.0,1.9459101490553132,1.0986122886681098,1.791759469228055,0.09523809070294806,0.09523809070294806,2.99999850000075,0.0,8.0,3.3333333333333335,0,0,0.2521,TN
16.0,7.0,0.0,8.0,91.0,82.0,780.0,2.833213344056216,6.660575149839686,4.418840607796598,4.5217885770490405,2.1972245773362196,2.0794415416798357,0.020512820486522025,0.010256410243261013,5.687499644531272,5.1249996796875195,99.0,38.333333333333336,0,0,0.2318,TN
5.0,1.0,0.0,3.0,32.0,8.0,300.0,1.791759469228055,5.707110264748875,2.1972245773362196,3.4965075614664802,1.3862943611198906,0.6931471805599453,0.01666666661111111,0.009999999966666668,6.399998720000256,1.599999680000064,35.0,13.333333333333334,0,0,0.3714,TN
7.0,3.0,0.0,11.0,28.0,0.0,122.0,2.0794415416798357,4.812184355372417,0.0,3.367295829986474,2.4849066497880004,1.3862943611198906,0.05737704871002419,0.09016393368718087,3.99999942857151,0.0,39.0,15.333333333333334,0,0,0.4544,TN
19.0,1.0,0.0,17.0,56.0,157.0,401.0,2.995732273553991,5.996452088619021,5.062595033026967,4.04305126783455,2.8903717578961645,0.6931471805599453,0.04738154601650487,0.04239401485687278,2.947368265927986,8.263157459833817,73.0,30.666666666666668,0,1,0.7555,FP
2.0,3.0,0.0,12.0,21.0,1.0,336.0,1.0986122886681098,5.820082930352362,0.6931471805599453,3.091042453358316,2.5649493574615367,1.3862943611198906,0.005952380934665533,0.035714285607993196,10.499994750002624,0.499999750000125,33.0,11.666666666666666,0,1,0.606,FP
9.0,6.0,0.0,7.0,40.0,0.0,162.0,2.302585092994046,5.093750200806762,0.0,3.713572066704308,2.0794415416798357,1.9459101490553132,0.05555555521262003,0.04320987627648225,4.444443950617339,0.0,47.0,18.666666666666668,0,0,0.2103,TN
17.0,2.0,0.0,6.0,34.0,34.0,323.0,2.8903717578961645,5.780743515792329,3.5553480614894135,3.5553480614894135,1.9459101490553132,1.0986122886681098,0.05263157878442236,0.01857585133567848,1.999999882352948,1.999999882352948,40.0,19.0,1,1,0.7924,TP
8.0,2.0,0.0,29.0,64.0,28.0,441.0,2.1972245773362196,6.091309882077698,3.367295829986474,4.174387269895637,3.4011973816621555,1.0986122886681098,0.018140589528025875,0.0657596370390938,7.999999000000126,3.499999562500055,93.0,33.666666666666664,0,1,0.6575,FP
19.0,1.0,0.0,20.0,19.0,171.0,19.0,2.995732273553991,2.995732273553991,5.147494476813453,2.995732273553991,3.044522437723423,0.6931471805599453,0.9999999473684238,1.0526315235457093,0.9999999473684238,8.999999526315815,39.0,19.333333333333332,1,1,0.6965,TP
4.0,2.0,0.0,7.0,19.0,4.0,78.0,1.6094379124341003,4.3694478524670215,1.6094379124341003,2.995732273553991,2.0794415416798357,1.0986122886681098,0.0512820506245891,0.08974358859303092,4.749998812500297,0.9999997500000625,26.0,10.0,1,0,0.2662,FN
14.0,1.0,0.0,10.0,53.0,0.0,419.0,2.70805020110221,6.040254711277414,0.0,3.9889840465642745,2.3978952727983707,0.6931471805599453,0.03341288774841793,0.02386634839172709,3.785714015306142,0.0,63.0,25.666666666666668,0,1,0.6878,FP
10.0,2.0,0.0,6.0,19.0,33.0,91.0,2.3978952727983707,4.5217885770490405,3.5263605246161616,2.995732273553991,1.9459101490553132,1.0986122886681098,0.10989010868252629,0.06593406520951577,1.899999810000019,3.2999996700000334,25.0,11.666666666666666,1,1,0.801,TP
7.0,1.0,0.0,5.0,19.0,21.0,105.0,2.0794415416798357,4.663439094112067,3.091042453358316,2.995732273553991,1.791759469228055,0.6931471805599453,0.06666666603174604,0.047619047165532884,2.7142853265306677,2.9999995714286327,24.0,10.333333333333334,1,0,0.5448,FN
20.0,1.0,0.0,47.0,45.0,190.0,841.0,3.044522437723423,6.7357800142423265,5.25227342804663,3.828641396489095,3.871201010907891,0.6931471805599453,0.023781212813577632,0.05588585011190743,2.2499998875000053,9.499999525000023,92.0,37.333333333333336,0,1,0.7367,FP
14.0,2.0,2.0,19.0,71.0,47.0,442.0,2.70805020110221,6.093569770045136,3.871201010907891,4.276666119016055,2.995732273553991,1.0986122886681098,0.03167420807313528,0.04298642524211216,5.0714282091837,3.3571426173469563,90.0,34.666666666666664,1,0,0.4976,FN
9.0,1.0,1.0,0.0,14.0,24.0,48.0,2.302585092994046,3.8918202981106265,3.2188758248682006,2.70805020110221,0.0,0.6931471805599453,0.1874999960937501,0.0,1.5555553827160686,2.6666663703704034,14.0,7.666666666666667,0,0,0.1835,TN
17.0,2.0,0.0,6.0,29.0,74.0,269.0,2.8903717578961645,5.598421958998375,4.31748811353631,3.4011973816621555,1.9459101490553132,1.0986122886681098,0.06319702578737166,0.022304832630837053,1.7058822525951616,4.352940920415239,35.0,17.333333333333332,1,1,0.7644,TP
18.0,2.0,0.0,14.0,64.0,131.0,386.0,2.9444389791664403,5.958424693029782,4.882801922586371,4.174387269895637,2.70805020110221,1.0986122886681098,0.04663212423152299,0.03626942995785122,3.5555553580247024,7.2777773734568125,78.0,32.0,1,1,0.6646,TP
26.0,4.0,0.0,12.0,109.0,233.0,881.0,3.295836866004329,6.782192056006791,5.455321115357702,4.700480365792417,2.5649493574615367,1.6094379124341003,0.02951191824118965,0.013620885342087531,4.192307531065095,8.961538116863919,121.0,49.0,1,1,0.729,TP
8.0,2.0,0.0,11.0,55.0,12.0,388.0,2.1972245773362196,5.963579343618446,2.5649493574615367,4.02535169073515,2.4849066497880004,1.0986122886681098,0.020618556647890317,0.028350515390849186,6.874999140625108,1.4999998125000236,66.0,24.666666666666668,0,1,0.6322,FP
1.0,3.0,0.0,4.0,2.0,0.0,9.0,0.6931471805599453,2.302585092994046,0.0,1.0986122886681098,1.6094379124341003,1.3862943611198906,0.11111109876543349,0.44444439506173394,1.9999980000020001,0.0,6.0,2.3333333333333335,0,0,0.4902,TN
4.0,1.0,0.0,3.0,4.0,6.0,4.0,1.6094379124341003,1.6094379124341003,1.9459101490553132,1.6094379124341003,1.3862943611198906,0.6931471805599453,0.9999997500000625,0.7499998125000469,0.9999997500000625,1.4999996250000938,7.0,3.6666666666666665,0,0,0.5246,TN
4.0,2.0,0.0,7.0,10.0,6.0,28.0,1.6094379124341003,3.367295829986474,1.9459101490553132,2.3978952727983707,2.0794415416798357,1.0986122886681098,0.14285713775510223,0.24999999107142887,2.499999375000156,1.4999996250000938,17.0,7.0,1,0,0.2281,FN
30.0,2.0,0.0,26.0,77.0,417.0,350.0,3.4339872044851463,5.860786223465865,6.035481432524756,4.356708826689592,3.295836866004329,1.0986122886681098,0.08571428546938775,0.07428571407346939,2.566666581111114,13.899999536666682,103.0,44.333333333333336,0,0,0.3428,TN
29.0,3.0,1.0,18.0,96.0,294.0,796.0,3.4011973816621555,6.680854678790215,5.68697535633982,4.574710978503383,2.9444389791664403,1.3862943611198906,0.03643216075825106,0.022613065298224794,3.3103447134363893,10.137930684898942,114.0,47.666666666666664,0,1,0.84,FP
14.0,1.0,0.0,12.0,22.0,61.0,175.0,2.70805020110221,5.170483995038151,4.127134385045092,3.1354942159291497,2.5649493574615367,0.6931471805599453,0.07999999954285715,0.06857142817959185,1.5714284591836816,4.35714254591839,34.0,16.0,1,0,0.3917,FN
3.0,2.0,0.0,11.0,17.0,3.0,149.0,1.3862943611198906,5.0106352940962555,1.3862943611198906,2.8903717578961645,2.4849066497880004,1.0986122886681098,0.020134228052790415,0.07382550286023153,5.666664777778407,0.9999996666667778,28.0,10.333333333333334,0,0,0.2059,TN
33.0,1.0,0.0,54.0,277.0,194.0,2591.0,3.5263605246161616,7.860185057472165,5.272999558563747,5.627621113690637,4.007333185232471,0.6931471805599453,0.012736395209287382,0.0208413739788339,8.393939139577602,5.878787700642797,331.0,121.33333333333333,1,1,0.8115,TP
21.0,4.0,0.0,19.0,52.0,160.0,287.0,3.091042453358316,5.662960480135946,5.081404364984463,3.970291913552122,2.995732273553991,1.6094379124341003,0.07317073145236679,0.06620209036166519,2.4761903582766496,7.619047256235844,71.0,30.666666666666668,0,0,0.3313,TN
18.0,1.0,0.0,16.0,55.0,0.0,687.0,2.9444389791664403,6.5337888379333435,0.0,4.02535169073515,2.833213344056216,0.6931471805599453,0.026200873324307317,0.02328966517716206,3.0555553858024784,0.0,71.0,29.666666666666668,1,1,0.7446,TP
31.0,5.0,2.0,24.0,152.0,349.0,1413.0,3.4657359027997265,7.254177846456518,5.857933154483459,5.030437921392435,3.2188758248682006,1.791759469228055,0.021939136573291478,0.01698513799222566,4.903225648283043,11.258064152965671,176.0,69.0,1,1,0.6669,TP
5.0,2.0,0.0,17.0,48.0,6.0,439.0,1.791759469228055,6.0867747269123065,1.9459101490553132,3.8918202981106265,2.8903717578961645,1.0986122886681098,0.011389521614146875,0.03872437348809938,9.599998080000384,1.199999760000048,65.0,23.333333333333332,1,1,0.688,TP
11.0,1.0,0.0,150.0,26.0,41.0,134.0,2.4849066497880004,4.90527477843843,3.7376696182833684,3.295836866004329,5.017279836814924,0.6931471805599453,0.08208955162619738,1.1194029767208733,2.3636361487603503,3.727272388429783,176.0,62.333333333333336,0,0,0.4977,TN
12.0,4.0,0.0,8.0,41.0,66.0,130.0,2.5649493574615367,4.875197323201151,4.204692619390966,3.7376696182833684,2.1972245773362196,1.6094379124341003,0.09230769159763315,0.06153846106508876,3.4166663819444683,5.499999541666705,49.0,20.333333333333332,0,0,0.2426,TN
11.0,1.0,1.0,10.0,16.0,41.0,94.0,2.4849066497880004,4.553876891600541,3.7376696182833684,2.833213344056216,2.3978952727983707,0.6931471805599453,0.1170212753508375,0.10638297759167045,1.4545453223140616,3.727272388429783,26.0,12.333333333333334,0,0,0.4578,TN
3.0,1.0,0.0,8.0,20.0,1.0,155.0,1.3862943611198906,5.049856007249537,0.6931471805599453,3.044522437723423,2.1972245773362196,0.6931471805599453,0.019354838584807493,0.05161290289281998,6.666664444445185,0.33333322222225925,28.0,10.333333333333334,0,0,0.3411,TN
7.0,2.0,0.0,9.0,19.0,0.0,146.0,2.0794415416798357,4.990432586778736,0.0,2.995732273553991,2.302585092994046,1.0986122886681098,0.04794520515106024,0.06164383519422031,2.7142853265306677,0.0,28.0,11.666666666666666,0,0,0.5513,TN
7.0,3.0,0.0,12.0,28.0,0.0,227.0,2.0794415416798357,5.429345628954441,0.0,3.367295829986474,2.5649493574615367,1.3862943611198906,0.03083700426944051,0.05286343589046945,3.99999942857151,0.0,40.0,15.666666666666666,0,0,0.4928,TN
15.0,1.0,0.0,7.0,34.0,105.0,338.0,2.772588722239781,5.82600010738045,4.663439094112067,3.5553480614894135,2.0794415416798357,0.6931471805599453,0.044378698093554145,0.02071005911032527,2.2666665155555656,6.999999533333365,41.0,18.666666666666668,1,1,0.7329,TP
6.0,1.0,0.0,14.0,21.0,0.0,286.0,1.9459101490553132,5.659482215759621,0.0,3.091042453358316,2.70805020110221,0.6931471805599453,0.02097902090566776,0.04895104877989144,3.4999994166667636,0.0,35.0,13.666666666666666,1,0,0.5866,FN
4.0,2.0,0.0,4.0,18.0,0.0,128.0,1.6094379124341003,4.859812404361672,0.0,2.9444389791664403,1.6094379124341003,1.0986122886681098,0.03124999975585938,0.03124999975585938,4.499998875000281,0.0,22.0,8.666666666666666,1,0,0.4039,FN
6.0,3.0,5.0,0.0,10.0,0.0,54.0,1.9459101490553132,4.007333185232471,0.0,2.3978952727983707,0.0,1.3862943611198906,0.11111110905349798,0.0,1.666666388888935,0.0,10.0,5.333333333333333,0,0,0.1716,TN
13.0,3.0,0.0,6.0,29.0,38.0,178.0,2.6390573296152584,5.187385805840755,3.6635616461296463,3.4011973816621555,1.9459101490553132,1.3862943611198906,0.07303370745486681,0.0337078649791693,2.230769059171611,2.9230766982248695,35.0,16.0,1,1,0.6557,TP
10.0,5.0,0.0,5.0,30.0,0.0,328.0,2.3978952727983707,5.796057750765372,0.0,3.4339872044851463,1.791759469228055,1.791759469228055,0.030487804785098157,0.015243902392549078,2.9999997000000302,0.0,35.0,15.0,0,0,0.2164,TN
10.0,2.0,0.0,8.0,11.0,39.0,62.0,2.3978952727983707,4.143134726391533,3.6888794541139363,2.4849066497880004,2.1972245773362196,1.0986122886681098,0.16129031997918838,0.12903225598335072,1.099999890000011,3.899999610000039,19.0,9.666666666666666,0,0,0.3224,TN
11.0,7.0,0.0,9.0,71.0,29.0,408.0,2.4849066497880004,6.013715156042802,3.4011973816621555,4.276666119016055,2.302585092994046,2.0794415416798357,0.026960784247645135,0.02205882347534602,6.454544867768649,2.636363396694237,80.0,30.333333333333332,0,0,0.1726,TN
3.0,1.0,0.0,10.0,22.0,1.0,141.0,1.3862943611198906,4.955827057601261,0.6931471805599453,3.1354942159291497,2.3978952727983707,0.6931471805599453,0.02127659559378301,0.07092198531261003,7.333330888889703,0.33333322222225925,32.0,11.666666666666666,0,0,0.2716,TN
4.0,2.0,0.0,4.0,7.0,4.0,100.0,1.6094379124341003,4.61512051684126,1.6094379124341003,2.0794415416798357,1.6094379124341003,1.0986122886681098,0.0399999996,0.0399999996,1.7499995625001092,0.9999997500000625,11.0,5.0,0,0,0.2859,TN
3.0,1.0,0.0,2.0,18.0,3.0,117.0,1.3862943611198906,4.770684624465665,1.3862943611198906,2.9444389791664403,1.0986122886681098,0.6931471805599453,0.025641025421871577,0.017094016947914386,5.999998000000667,0.9999996666667778,20.0,7.666666666666667,0,0,0.2993,TN
10.0,4.0,0.0,5.0,20.0,23.0,121.0,2.3978952727983707,4.804021044733257,3.1780538303479458,3.044522437723423,1.791759469228055,1.6094379124341003,0.0826446274161601,0.04132231370808005,1.99999980000002,2.299999770000023,25.0,11.666666666666666,0,0,0.5926,TN
8.0,1.0,0.0,32.0,104.0,8.0,955.0,2.1972245773362196,6.862757913051401,2.1972245773362196,4.653960350157523,3.4965075614664802,0.6931471805599453,0.008376963342013651,0.033507853368054605,12.999998375000205,0.9999998750000157,136.0,48.0,1,1,0.7424,TP
14.0,2.0,0.0,5.0,23.0,73.0,122.0,2.70805020110221,4.812184355372417,4.30406509320417,3.1780538303479458,1.791759469228055,1.0986122886681098,0.11475409742004838,0.040983606221445854,1.6428570255102126,5.214285341836762,28.0,14.0,1,0,0.5912,FN
42.0,1.0,0.0,24.0,109.0,653.0,1212.0,3.7612001156935624,7.10085190894405,6.483107351457199,4.700480365792417,3.2188758248682006,0.6931471805599453,0.03465346531794268,0.01980198018168153,2.5952380334467136,15.54761867743765,133.0,58.333333333333336,1,1,0.7331,TP
4.0,4.0,0.0,4.0,7.0,0.0,34.0,1.6094379124341003,3.5553480614894135,0.0,2.0794415416798357,1.6094379124341003,1.6094379124341003,0.11764705536332191,0.11764705536332191,1.7499995625001092,0.0,11.0,5.0,0,0,0.384,TN
26.0,1.0,1.0,9.0,47.0,0.0,236.0,3.295836866004329,5.4680601411351315,0.0,3.871201010907891,2.302585092994046,0.6931471805599453,0.11016949105860385,0.03813559305874749,1.807692238165683,0.0,56.0,27.333333333333332,1,1,0.8079,TP
5.0,1.0,0.0,5.0,6.0,2.0,36.0,1.791759469228055,3.6109179126442243,1.0986122886681098,1.9459101490553132,1.791759469228055,0.6931471805599453,0.1388888850308643,0.1388888850308643,1.199999760000048,0.399999920000016,11.0,5.333333333333333,0,0,0.3971,TN
11.0,2.0,0.0,5.0,16.0,55.0,95.0,2.4849066497880004,4.564348191467836,4.02535169073515,2.833213344056216,1.791759469228055,1.0986122886681098,0.11578947246537398,0.05263157839335181,1.4545453223140616,4.999999545454587,21.0,10.666666666666666,0,0,0.59,TN
2.0,1.0,0.0,6.0,6.0,0.0,31.0,1.0986122886681098,3.4657359027997265,0.0,1.9459101490553132,1.9459101490553132,0.6931471805599453,0.06451612695109267,0.19354838085327802,2.99999850000075,0.0,12.0,4.666666666666667,1,0,0.4298,FN
2.0,3.0,0.0,10.0,23.0,1.0,114.0,1.0986122886681098,4.74493212836325,0.6931471805599453,3.1780538303479458,2.3978952727983707,1.3862943611198906,0.017543859495229304,0.08771929747614651,11.499994250002874,0.499999750000125,33.0,11.666666666666666,1,0,0.367,FN
10.0,1.0,0.0,11.0,23.0,0.0,359.0,2.3978952727983707,5.886104031450156,0.0,3.1780538303479458,2.4849066497880004,0.6931471805599453,0.027855153125751663,0.03064066843832683,2.299999770000023,0.0,34.0,14.666666666666666,0,1,0.6927,FP
3.0,3.0,0.0,13.0,21.0,1.0,271.0,1.3862943611198906,5.605802066295998,0.6931471805599453,3.091042453358316,2.6390573296152584,1.3862943611198906,0.011070110660257895,0.04797047952778421,6.999997666667444,0.33333322222225925,34.0,12.333333333333334,1,0,0.4738,FN
25.0,4.0,0.0,3.0,32.0,300.0,142.0,3.258096538021482,4.962844630259907,5.707110264748875,3.4965075614664802,1.3862943611198906,1.6094379124341003,0.17605633678833565,0.02112676041460028,1.279999948800002,11.999999520000019,35.0,20.0,1,1,0.854,TP
8.0,1.0,0.0,4.0,8.0,28.0,8.0,2.1972245773362196,2.1972245773362196,3.367295829986474,2.1972245773362196,1.6094379124341003,0.6931471805599453,0.9999998750000157,0.4999999375000079,0.9999998750000157,3.499999562500055,12.0,6.666666666666667,0,0,0.4118,TN
50.0,1.0,0.0,46.0,108.0,697.0,976.0,3.9318256327243257,6.884486652042782,6.548219102762372,4.6913478822291435,3.8501476017100584,0.6931471805599453,0.051229508144232064,0.047131147492693495,2.159999956800001,13.939999721200007,154.0,68.0,1,1,0.6783,TP
9.0,4.0,0.0,2.0,15.0,36.0,52.0,2.302585092994046,3.970291913552122,3.6109179126442243,2.772588722239781,1.0986122886681098,1.6094379124341003,0.17307691974852077,0.03846153772189351,1.6666664814815022,3.9999995555556054,17.0,8.666666666666666,1,1,0.6822,TP
5.0,3.0,0.0,5.0,13.0,0.0,59.0,1.791759469228055,4.0943445622221,0.0,2.6390573296152584,1.791759469228055,1.3862943611198906,0.08474576127549557,0.08474576127549557,2.599999480000104,0.0,18.0,7.666666666666667,1,0,0.4757,FN
8.0,1.0,0.0,5.0,16.0,6.0,284.0,2.1972245773362196,5.652489180268651,1.9459101490553132,2.833213344056216,1.791759469228055,0.6931471805599453,0.028169013985320374,0.017605633740825233,1.9999997500000315,0.7499999062500118,21.0,9.666666666666666,0,0,0.5791,TN
0.0,1.0,0.0,0.0,0.0,0.0,19.0,0.0,2.995732273553991,0.0,0.0,0.0,0.6931471805599453,0.0,0.0,0.0,0.0,0.0,0.0,0,0,0.2615,TN
17.0,1.0,0.0,8.0,67.0,90.0,878.0,2.8903717578961645,6.778784897685177,4.51085950651685,4.219507705176107,2.1972245773362196,0.6931471805599453,0.019362186766102293,0.009111617301695197,3.9411762387543385,5.2941173356401565,75.0,30.666666666666668,0,1,0.6502,FP
1.0,1.0,0.0,8.0,1.0,0.0,1.0,0.6931471805599453,0.6931471805599453,0.0,0.6931471805599453,2.1972245773362196,0.6931471805599453,0.9999990000010001,7.9999920000080005,0.9999990000010001,0.0,9.0,3.3333333333333335,0,0,0.48,TN
41.0,1.0,0.0,48.0,41.0,820.0,41.0,3.7376696182833684,3.7376696182833684,6.710523109452428,3.7376696182833684,3.8918202981106265,0.6931471805599453,0.9999999756097567,1.170731678762642,0.9999999756097567,19.999999512195135,89.0,43.333333333333336,1,1,0.667,TP
4.0,2.0,0.0,6.0,12.0,0.0,35.0,1.6094379124341003,3.58351893845611,0.0,2.5649493574615367,1.9459101490553132,1.0986122886681098,0.11428571102040827,0.1714285665306124,2.9999992500001875,0.0,18.0,7.333333333333333,0,0,0.325,TN
5.0,2.0,0.0,11.0,10.0,2.0,128.0,1.791759469228055,4.859812404361672,1.0986122886681098,2.3978952727983707,2.4849066497880004,1.0986122886681098,0.03906249969482422,0.08593749932861329,1.99999960000008,0.399999920000016,21.0,8.666666666666666,0,0,0.3885,TN
12.0,5.0,0.0,3.0,39.0,58.0,213.0,2.5649493574615367,5.365976015021851,4.07753744390572,3.6888794541139363,1.3862943611198906,1.791759469228055,0.0563380279045163,0.014084506976129075,3.2499997291666896,4.833332930555589,42.0,18.0,1,0,0.2662,FN
3.0,1.0,0.0,2.0,4.0,0.0,20.0,1.3862943611198906,3.044522437723423,0.0,1.6094379124341003,1.0986122886681098,0.6931471805599453,0.14999999250000037,0.09999999500000024,1.333332888889037,0.0,6.0,3.0,0,0,0.2841,TN
10.0,2.0,0.0,1.0,19.0,0.0,112.0,2.3978952727983707,4.727387818712341,0.0,2.995732273553991,0.6931471805599453,1.0986122886681098,0.08928571348852042,0.008928571348852042,1.899999810000019,0.0,20.0,10.0,1,0,0.215,FN
7.0,1.0,0.0,9.0,22.0,5.0,114.0,2.0794415416798357,4.74493212836325,1.791759469228055,3.1354942159291497,2.302585092994046,0.6931471805599453,0.06140350823330256,0.07894736772853186,3.142856693877615,0.7142856122449125,31.0,12.666666666666666,0,0,0.3333,TN
4.0,3.0,1.0,3.0,5.0,4.0,17.0,1.6094379124341003,2.8903717578961645,1.6094379124341003,1.791759469228055,1.3862943611198906,1.3862943611198906,0.23529410380622917,0.17647057785467188,1.249999687500078,0.9999997500000625,8.0,4.0,0,0,0.3241,TN
8.0,3.0,0.0,2.0,40.0,10.0,281.0,2.1972245773362196,5.641907070938114,2.3978952727983707,3.713572066704308,1.0986122886681098,1.3862943611198906,0.028469750788363876,0.007117437697090969,4.999999375000079,1.2499998437500197,42.0,16.666666666666668,0,0,0.3908,TN
6.0,4.0,0.0,7.0,16.0,9.0,72.0,1.9459101490553132,4.290459441148391,2.302585092994046,2.833213344056216,2.0794415416798357,1.6094379124341003,0.08333333217592595,0.09722222087191361,2.6666662222222963,1.4999997500000417,23.0,9.666666666666666,0,0,0.3491,TN
10.0,2.0,0.0,9.0,46.0,0.0,296.0,2.3978952727983707,5.6937321388027,0.0,3.8501476017100584,2.302585092994046,1.0986122886681098,0.03378378366964938,0.030405405302684443,4.599999540000046,0.0,55.0,21.666666666666668,1,1,0.6153,TP
24.0,3.0,0.0,21.0,96.0,246.0,610.0,3.2188758248682006,6.415096959171596,5.5093883366279774,4.574710978503383,3.091042453358316,1.3862943611198906,0.039344262230583175,0.03442622945176028,3.99999983333334,10.249999572916684,117.0,47.0,0,0,0.5153,TN
7.0,1.0,0.0,8.0,43.0,15.0,245.0,2.0794415416798357,5.5053315359323625,2.772588722239781,3.784189633918261,2.1972245773362196,0.6931471805599453,0.028571428454810498,0.03265306109121199,6.142856265306247,2.1428568367347376,51.0,19.333333333333332,1,0,0.3677,FN
9.0,2.0,0.0,16.0,23.0,16.0,189.0,2.302585092994046,5.247024072160486,2.833213344056216,3.1780538303479458,2.833213344056216,1.0986122886681098,0.04761904736709499,0.08465608420816886,2.55555527160497,1.7777775802469358,39.0,16.0,0,0,0.3943,TN
16.0,1.0,0.0,3.0,17.0,78.0,172.0,2.833213344056216,5.153291594497779,4.3694478524670215,2.8903717578961645,1.3862943611198906,0.6931471805599453,0.09302325527312061,0.017441860363710114,1.0624999335937542,4.8749996953125185,20.0,12.0,0,0,0.4642,TN
4.0,2.0,0.0,9.0,8.0,6.0,23.0,1.6094379124341003,3.1780538303479458,1.9459101490553132,2.1972245773362196,2.302585092994046,1.0986122886681098,0.17391303591682453,0.39130433081285515,1.999999500000125,1.4999996250000938,17.0,7.0,1,0,0.2082,FN
18.0,3.0,0.0,10.0,62.0,149.0,417.0,2.9444389791664403,6.035481432524756,5.0106352940962555,4.143134726391533,2.3978952727983707,1.3862943611198906,0.04316546752238497,0.023980815290213873,3.4444442530864303,8.27777731790126,72.0,30.0,0,1,0.7093,FP
42.0,2.0,3.0,13.0,47.0,855.0,115.0,3.7612001156935624,4.7535901911063645,6.752270376141742,3.871201010907891,2.6390573296152584,1.0986122886681098,0.3652173881285445,0.1130434772778828,1.1190475924036287,20.357142372448994,60.0,34.0,1,1,0.7044,TP
5.0,2.0,0.0,12.0,35.0,6.0,221.0,1.791759469228055,5.402677381872279,1.9459101490553132,3.58351893845611,2.5649493574615367,1.0986122886681098,0.022624434286767265,0.05429864228824144,6.999998600000279,1.199999760000048,47.0,17.333333333333332,0,0,0.46,TN
6.0,2.0,0.0,12.0,12.0,1.0,173.0,1.9459101490553132,5.159055299214529,0.6931471805599453,2.5649493574615367,2.5649493574615367,1.0986122886681098,0.03468208072438104,0.06936416144876208,1.9999996666667221,0.16666663888889352,24.0,10.0,0,0,0.5201,TN
4.0,4.0,0.0,5.0,8.0,4.0,42.0,1.6094379124341003,3.7612001156935624,1.6094379124341003,2.1972245773362196,1.791759469228055,1.6094379124341003,0.0952380929705216,0.119047616213152,1.999999500000125,0.9999997500000625,13.0,5.666666666666667,0,0,0.5519,TN
3.0,2.0,0.0,5.0,9.0,0.0,36.0,1.3862943611198906,3.6109179126442243,0.0,2.302585092994046,1.791759469228055,1.0986122886681098,0.08333333101851859,0.1388888850308643,2.9999990000003334,0.0,14.0,5.666666666666667,0,0,0.4863,TN
19.0,1.0,0.0,31.0,50.0,91.0,458.0,2.995732273553991,6.129050210060545,4.5217885770490405,3.9318256327243257,3.4657359027997265,0.6931471805599453,0.04148471606662726,0.06768558937186553,2.631578808864273,4.789473432132977,81.0,33.333333333333336,0,1,0.7581,FP
20.0,1.0,0.0,16.0,20.0,190.0,20.0,3.044522437723423,3.044522437723423,5.25227342804663,3.044522437723423,2.833213344056216,0.6931471805599453,0.9999999500000024,0.799999960000002,0.9999999500000024,9.499999525000023,36.0,18.666666666666668,0,1,0.6976,FP
0.0,1.0,0.0,16.0,0.0,0.0,0.0,0.0,0.0,0.0,0.0,2.833213344056216,0.6931471805599453,0.0,16000000.0,0.0,0.0,16.0,5.333333333333333,0,0,0.4197,TN
48.0,2.0,1.0,45.0,124.0,992.0,824.0,3.8918202981106265,6.715383386334681,6.900730664045173,4.8283137373023015,3.828641396489095,1.0986122886681098,0.05825242711377133,0.05461165041916062,2.5833332795138904,20.666666236111123,169.0,72.33333333333333,0,1,0.6567,FP
40.0,5.0,0.0,30.0,121.0,622.0,1031.0,3.713572066704308,6.939253946041508,6.434546518787453,4.804021044733257,3.4339872044851463,1.791759469228055,0.03879728415247596,0.02909796311435697,3.024999924375002,15.54999961125001,151.0,63.666666666666664,1,1,0.6227,TP
7.0,1.0,1.0,13.0,46.0,0.0,357.0,2.0794415416798357,5.8805329864007,0.0,3.8501476017100584,2.6390573296152584,0.6931471805599453,0.01960784308233097,0.03641456572432895,6.5714276326531955,0.0,59.0,22.0,1,1,0.7097,TP
18.0,1.0,1.0,0.0,19.0,153.0,40.0,2.9444389791664403,3.713572066704308,5.0369526024136295,2.995732273553991,0.0,0.6931471805599453,0.4499999887500003,0.0,1.0555554969135834,8.499999527777803,19.0,12.333333333333334,0,0,0.2397,TN
15.0,3.0,6.0,12.0,33.0,75.0,179.0,2.772588722239781,5.19295685089021,4.330733340286331,3.5263605246161616,2.5649493574615367,1.3862943611198906,0.08379888221341407,0.06703910577073126,2.199999853333343,4.999999666666689,45.0,20.0,1,0,0.4565,FN
38.0,2.0,0.0,11.0,59.0,581.0,406.0,3.6635616461296463,6.008813185442595,6.366470447731438,4.0943445622221,2.4849066497880004,1.0986122886681098,0.09359605888276833,0.027093595992380304,1.5526315380886437,15.289473281855967,70.0,36.0,1,1,0.7113,TP
18.0,1.0,0.0,0.0,18.0,153.0,18.0,2.9444389791664403,2.9444389791664403,5.0369526024136295,2.9444389791664403,0.0,0.6931471805599453,0.9999999444444475,0.0,0.9999999444444475,8.499999527777803,18.0,12.0,0,0,0.2285,TN
8.0,1.0,0.0,4.0,22.0,0.0,169.0,2.1972245773362196,5.135798437050262,0.0,3.1354942159291497,1.6094379124341003,0.6931471805599453,0.04733727782640664,0.02366863891320332,2.749999656250043,0.0,26.0,11.333333333333334,0,0,0.5072,TN
25.0,2.0,0.0,18.0,117.0,230.0,877.0,3.258096538021482,6.777646593635117,5.442417710521793,4.770684624465665,2.9444389791664403,1.0986122886681098,0.028506271347199234,0.02052451536998345,4.679999812800007,9.199999632000015,135.0,53.333333333333336,1,1,0.749,TP
10.0,1.0,0.0,10.0,28.0,0.0,136.0,2.3978952727983707,4.919980925828125,0.0,3.367295829986474,2.3978952727983707,0.6931471805599453,0.07352941122404845,0.07352941122404845,2.799999720000028,0.0,38.0,16.0,0,0,0.5133,TN
3.0,5.0,0.0,4.0,7.0,0.0,33.0,1.3862943611198906,3.5263605246161616,0.0,2.0794415416798357,1.6094379124341003,1.791759469228055,0.09090908815427007,0.12121211753902675,2.3333325555558146,0.0,11.0,4.666666666666667,1,0,0.2727,FN
7.0,2.0,0.0,4.0,8.0,21.0,32.0,2.0794415416798357,3.4965075614664802,3.091042453358316,2.1972245773362196,1.6094379124341003,1.0986122886681098,0.21874999316406274,0.12499999609375013,1.14285697959186,2.9999995714286327,12.0,6.333333333333333,0,0,0.287,TN
13.0,2.0,1.0,15.0,25.0,28.0,120.0,2.6390573296152584,4.795790545596741,3.367295829986474,3.258096538021482,2.772588722239781,1.0986122886681098,0.10833333243055557,0.12499999895833334,1.9230767751479405,2.1538459881656933,40.0,17.666666666666668,0,0,0.5874,TN
6.0,3.0,0.0,15.0,23.0,3.0,96.0,1.9459101490553132,4.574710978503383,1.3862943611198906,3.1780538303479458,2.772588722239781,1.3862943611198906,0.06249999934895834,0.15624999837239587,3.8333326944445507,0.49999991666668053,38.0,14.666666666666666,0,0,0.2819,TN
1.0,4.0,0.0,1.0,3.0,0.0,6.0,0.6931471805599453,1.9459101490553132,0.0,1.3862943611198906,0.6931471805599453,1.6094379124341003,0.16666663888889352,0.16666663888889352,2.9999970000030003,0.0,4.0,1.6666666666666667,0,0,0.2409,TN
5.0,3.0,0.0,7.0,18.0,8.0,80.0,1.791759469228055,4.394449154672439,2.1972245773362196,2.9444389791664403,2.0794415416798357,1.3862943611198906,0.06249999921875001,0.08749999890625001,3.599999280000144,1.599999680000064,25.0,10.0,1,0,0.3598,FN
11.0,3.0,0.0,14.0,63.0,7.0,416.0,2.4849066497880004,6.0330862217988015,2.0794415416798357,4.1588830833596715,2.70805020110221,1.3862943611198906,0.026442307628744454,0.03365384607294748,5.727272206611618,0.636363578512402,77.0,29.333333333333332,0,1,0.6646,FP
6.0,3.0,0.0,2.0,19.0,15.0,184.0,1.9459101490553132,5.220355825078324,2.772588722239781,2.995732273553991,1.0986122886681098,1.3862943611198906,0.032608695474952744,0.01086956515831758,3.166666138888977,2.4999995833334028,21.0,9.0,1,0,0.4289,FN
1.0,1.0,0.0,0.0,2.0,0.0,4.0,0.6931471805599453,1.6094379124341003,0.0,1.0986122886681098,0.0,0.6931471805599453,0.24999993750001562,0.0,1.9999980000020001,0.0,2.0,1.0,0,0,0.192,TN
30.0,2.0,0.0,9.0,43.0,141.0,372.0,3.4339872044851463,5.921578419643816,4.955827057601261,3.784189633918261,2.302585092994046,1.0986122886681098,0.08064516107353452,0.024193548322060353,1.4333332855555572,4.699999843333338,52.0,27.333333333333332,1,1,0.7391,TP
2.0,2.0,0.0,11.0,11.0,1.0,53.0,1.0986122886681098,3.9889840465642745,0.6931471805599453,2.4849066497880004,2.4849066497880004,1.0986122886681098,0.03773584834460664,0.2075471658953365,5.499997250001375,0.499999750000125,22.0,8.0,0,0,0.3323,TN
4.0,2.0,0.0,7.0,24.0,0.0,126.0,1.6094379124341003,4.844187086458591,0.0,3.2188758248682006,2.0794415416798357,1.0986122886681098,0.03174603149407912,0.05555555511463845,5.999998500000375,0.0,31.0,11.666666666666666,0,0,0.2674,TN
15.0,1.0,0.0,8.0,29.0,0.0,1538.0,2.772588722239781,7.338888133838879,0.0,3.4011973816621555,2.1972245773362196,0.6931471805599453,0.009752925871422024,0.005201560464758413,1.9333332044444531,0.0,37.0,17.333333333333332,1,1,0.717,TP
9.0,1.0,0.0,22.0,117.0,36.0,1209.0,2.302585092994046,7.098375638590786,3.6109179126442243,4.770684624465665,3.1354942159291497,0.6931471805599453,0.00744416872833402,0.01819685689148316,12.999998555555717,3.9999995555556054,139.0,49.333333333333336,0,1,0.6431,FP
13.0,3.0,3.0,11.0,19.0,62.0,95.0,2.6390573296152584,4.564348191467836,4.143134726391533,2.995732273553991,2.4849066497880004,1.3862943611198906,0.1368421038227147,0.11578947246537398,1.4615383491124347,4.769230402366892,30.0,14.333333333333334,0,0,0.4998,TN
5.0,3.0,0.0,4.0,17.0,10.0,52.0,1.791759469228055,3.970291913552122,2.3978952727983707,2.8903717578961645,1.6094379124341003,1.3862943611198906,0.09615384430473377,0.07692307544378701,3.399999320000136,1.99999960000008,21.0,8.666666666666666,0,0,0.3359,TN
5.0,0.0,1.0,9.0,20.0,0.0,73.0,1.791759469228055,4.30406509320417,0.0,3.044522437723423,2.302585092994046,0.0,0.06849314974666919,0.12328766954400452,3.99999920000016,0.0,29.0,11.333333333333334,0,0,0.1501,TN
11.0,3.0,0.0,9.0,33.0,0.0,241.0,2.4849066497880004,5.488937726156687,0.0,3.5263605246161616,2.302585092994046,1.3862943611198906,0.045643153337580275,0.037344398185292955,2.999999727272752,0.0,42.0,17.666666666666668,1,0,0.5622,FN
9.0,1.0,0.0,11.0,45.0,22.0,351.0,2.302585092994046,5.863631175598097,3.1354942159291497,3.828641396489095,2.4849066497880004,0.6931471805599453,0.025641025567974287,0.03133903124974635,4.999999444444507,2.4444441728395367,56.0,21.666666666666668,1,1,0.7068,TP
2.0,2.0,0.0,7.0,5.0,1.0,22.0,1.0986122886681098,3.1354942159291497,0.6931471805599453,1.791759469228055,2.0794415416798357,1.0986122886681098,0.09090908677685969,0.3181818037190089,2.499998750000625,0.499999750000125,12.0,4.666666666666667,0,0,0.3575,TN
2.0,5.0,0.0,2.0,5.0,1.0,15.0,1.0986122886681098,2.772588722239781,0.6931471805599453,1.791759469228055,1.0986122886681098,1.791759469228055,0.13333332444444504,0.13333332444444504,2.499998750000625,0.499999750000125,7.0,3.0,0,0,0.3294,TN
20.0,2.0,0.0,31.0,107.0,104.0,844.0,3.044522437723423,6.739336627357174,4.653960350157523,4.68213122712422,3.4657359027997265,1.0986122886681098,0.02369668243637834,0.036729857776386425,5.349999732500013,5.199999740000012,138.0,52.666666666666664,1,1,0.61,TP
2.0,3.0,0.0,8.0,11.0,0.0,37.0,1.0986122886681098,3.6375861597263857,0.0,2.4849066497880004,2.1972245773362196,1.3862943611198906,0.054054052593133714,0.21621621037253486,5.499997250001375,0.0,19.0,7.0,0,0,0.3861,TN
12.0,1.0,0.0,8.0,34.0,26.0,341.0,2.5649493574615367,5.834810737062605,3.295836866004329,3.5553480614894135,2.1972245773362196,0.6931471805599453,0.03519061573257884,0.023460410488385892,2.833333097222242,2.166666486111126,42.0,18.0,0,1,0.6154,FP
13.0,2.0,4.0,14.0,33.0,34.0,187.0,2.6390573296152584,5.236441962829949,3.5553480614894135,3.5263605246161616,2.70805020110221,1.0986122886681098,0.06951871620578226,0.0748663097600732,2.5384613431952814,2.6153844142011993,47.0,20.0,1,0,0.5078,FN
19.0,1.0,0.0,23.0,69.0,81.0,517.0,2.995732273553991,6.249975242259483,4.406719247264253,4.248495242049359,3.1780538303479458,0.6931471805599453,0.03675048348791009,0.04448742738010169,3.6315787562326967,4.263157670360123,92.0,37.0,0,0,0.5506,TN
19.0,2.0,0.0,13.0,47.0,79.0,552.0,2.995732273553991,6.315358001522335,4.382026634673881,3.871201010907891,2.6390573296152584,1.0986122886681098,0.034420289792716864,0.023550724595016802,2.4736840803324167,4.157894518005551,60.0,26.333333333333332,0,1,0.7658,FP
41.0,1.0,0.0,6.0,54.0,516.0,507.0,3.7376696182833684,6.230481447578482,6.248042874508429,4.007333185232471,1.9459101490553132,0.6931471805599453,0.08086784993911666,0.011834319503285366,1.3170731386079724,12.585365546698402,60.0,33.666666666666664,0,1,0.6098,FP
7.0,1.0,0.0,1.0,10.0,0.0,100.0,2.0794415416798357,4.61512051684126,0.0,2.3978952727983707,0.6931471805599453,0.6931471805599453,0.0699999993,0.0099999999,1.428571224489825,0.0,11.0,6.0,0,0,0.2054,TN
6.0,4.0,0.0,3.0,20.0,15.0,106.0,1.9459101490553132,4.672828834461906,2.772588722239781,3.044522437723423,1.3862943611198906,1.6094379124341003,0.0566037730509078,0.0283018865254539,3.33333277777787,2.4999995833334028,23.0,9.666666666666666,0,0,0.4503,TN
5.0,1.0,0.0,7.0,26.0,0.0,288.0,1.791759469228055,5.666426688112432,0.0,3.295836866004329,2.0794415416798357,0.6931471805599453,0.017361111050829475,0.024305555471161266,5.199998960000208,0.0,33.0,12.666666666666666,0,0,0.4488,TN
13.0,1.0,0.0,79.0,22.0,0.0,145.0,2.6390573296152584,4.983606621708336,0.0,3.1354942159291497,4.382026634673881,0.6931471805599453,0.08965517179548158,0.5448275824494649,1.6923075621301875,0.0,101.0,38.0,1,0,0.5625,FN
5.0,1.0,7.0,10.0,6.0,10.0,17.0,1.791759469228055,2.8903717578961645,2.3978952727983707,1.9459101490553132,2.3978952727983707,0.6931471805599453,0.2941176297577865,0.588235259515573,1.199999760000048,1.99999960000008,16.0,7.0,0,0,0.3908,TN
2.0,1.0,0.0,0.0,3.0,0.0,12.0,1.0986122886681098,2.5649493574615367,0.0,1.3862943611198906,0.0,0.6931471805599453,0.16666665277777895,0.0,1.499999250000375,0.0,3.0,1.6666666666666667,0,0,0.1932,TN
23.0,6.0,0.0,29.0,73.0,201.0,403.0,3.1780538303479458,6.0014148779611505,5.308267697401205,4.30406509320417,3.4011973816621555,1.9459101490553132,0.05707196015614898,0.07196029758818785,3.1739129054820476,8.739130054820432,102.0,41.666666666666664,0,0,0.2186,TN
9.0,1.0,0.0,7.0,28.0,16.0,110.0,2.302585092994046,4.709530201312334,2.833213344056216,3.367295829986474,2.0794415416798357,0.6931471805599453,0.08181818107438017,0.06363636305785125,3.1111107654321373,1.7777775802469358,35.0,14.666666666666666,1,0,0.3241,FN
12.0,1.0,0.0,4.0,12.0,66.0,12.0,2.5649493574615367,2.5649493574615367,4.204692619390966,2.5649493574615367,1.6094379124341003,0.6931471805599453,0.9999999166666736,0.3333333055555579,0.9999999166666736,5.499999541666705,16.0,9.333333333333334,0,0,0.4359,TN
12.0,3.0,0.0,41.0,72.0,40.0,330.0,2.5649493574615367,5.802118375377063,3.713572066704308,4.290459441148391,3.7376696182833684,1.3862943611198906,0.03636363625344353,0.12424242386593205,5.999999500000042,3.333333055555579,113.0,41.666666666666664,0,0,0.5868,TN
13.0,1.0,0.0,17.0,38.0,72.0,644.0,2.6390573296152584,6.4692503167957724,4.290459441148391,3.6635616461296463,2.8903717578961645,0.6931471805599453,0.020186335372381466,0.026397515486960378,2.9230766982248695,5.538461112426068,55.0,22.666666666666668,0,1,0.7,FP
18.0,2.0,0.0,13.0,39.0,125.0,170.0,2.9444389791664403,5.14166355650266,4.836281906951478,3.6888794541139363,2.6390573296152584,1.0986122886681098,0.1058823523183391,0.07647058778546713,2.166666546296303,6.944444058641996,52.0,23.333333333333332,0,0,0.3979,TN
2.0,2.0,0.0,9.0,14.0,1.0,109.0,1.0986122886681098,4.700480365792417,0.6931471805599453,2.70805020110221,2.302585092994046,1.0986122886681098,0.018348623684875012,0.08256880658193756,6.99999650000175,0.499999750000125,23.0,8.333333333333334,1,0,0.4315,FN
3.0,1.0,0.0,4.0,5.0,3.0,12.0,1.3862943611198906,2.5649493574615367,1.3862943611198906,1.791759469228055,1.6094379124341003,0.6931471805599453,0.2499999791666684,0.3333333055555579,1.6666661111112961,0.9999996666667778,9.0,4.0,0,0,0.1642,TN
4.0,3.0,0.0,5.0,9.0,4.0,30.0,1.6094379124341003,3.4339872044851463,1.6094379124341003,2.302585092994046,1.791759469228055,1.3862943611198906,0.13333332888888902,0.16666666111111128,2.2499994375001404,0.9999997500000625,14.0,6.0,0,0,0.3229,TN
12.0,1.0,0.0,32.0,12.0,66.0,12.0,2.5649493574615367,2.5649493574615367,4.204692619390966,2.5649493574615367,3.4965075614664802,0.6931471805599453,0.9999999166666736,2.666666444444463,0.9999999166666736,5.499999541666705,44.0,18.666666666666668,1,0,0.5029,FN
11.0,3.0,0.0,4.0,15.0,35.0,62.0,2.4849066497880004,4.143134726391533,3.58351893845611,2.772588722239781,1.6094379124341003,1.3862943611198906,0.17741935197710723,0.06451612799167536,1.3636362396694328,3.18181789256201,19.0,10.0,0,0,0.548,TN
6.0,1.0,1.0,3.0,16.0,0.0,178.0,1.9459101490553132,5.187385805840755,0.0,2.833213344056216,1.3862943611198906,0.6931471805599453,0.0337078649791693,0.01685393248958465,2.6666662222222963,0.0,19.0,8.333333333333334,1,0,0.5245,FN
3.0,1.0,0.0,5.0,5.0,0.0,24.0,1.3862943611198906,3.2188758248682006,0.0,1.791759469228055,1.791759469228055,0.6931471805599453,0.12499999479166687,0.20833332465277812,1.6666661111112961,0.0,10.0,4.333333333333333,0,0,0.3431,TN
8.0,2.0,27.0,32.0,16.0,0.0,47.0,2.1972245773362196,3.871201010907891,0.0,2.833213344056216,3.4965075614664802,1.0986122886681098,0.1702127623358987,0.6808510493435947,1.9999997500000315,0.0,48.0,18.666666666666668,0,0,0.4985,TN
5.0,1.0,0.0,12.0,26.0,2.0,154.0,1.791759469228055,5.043425116919247,1.0986122886681098,3.295836866004329,2.5649493574615367,0.6931471805599453,0.03246753225670434,0.0779220774160904,5.199998960000208,0.399999920000016,38.0,14.333333333333334,0,0,0.2908,TN
22.0,2.0,28.0,37.0,44.0,183.0,271.0,3.1354942159291497,5.605802066295998,5.214935757608986,3.8066624897703196,3.6375861597263857,1.0986122886681098,0.0811808115085579,0.13653136480984737,1.999999909090913,8.318181440082661,81.0,34.333333333333336,0,1,0.6682,FP
8.0,1.0,0.0,2.0,14.0,0.0,144.0,2.1972245773362196,4.976733742420574,0.0,2.70805020110221,1.0986122886681098,0.6931471805599453,0.05555555516975309,0.013888888792438273,1.7499997812500274,0.0,16.0,8.0,1,0,0.3281,FN
12.0,2.0,0.0,7.0,16.0,46.0,83.0,2.5649493574615367,4.430816798843313,3.8501476017100584,2.833213344056216,2.0794415416798357,1.0986122886681098,0.14457831151110467,0.08433734838147773,1.3333332222222316,3.833333013888916,23.0,11.666666666666666,0,0,0.4739,TN
4.0,1.0,0.0,8.0,15.0,4.0,55.0,1.6094379124341003,4.02535169073515,1.6094379124341003,2.772588722239781,2.1972245773362196,0.6931471805599453,0.0727272714049587,0.1454545428099174,3.749999062500234,0.9999997500000625,23.0,9.0,0,0,0.3458,TN
3.0,1.0,0.0,0.0,14.0,3.0,102.0,1.3862943611198906,4.634728988229636,1.3862943611198906,2.70805020110221,0.0,0.6931471805599453,0.02941176441753172,0.0,4.666665111111629,0.9999996666667778,14.0,5.666666666666667,1,0,0.287,FN
4.0,2.0,0.0,4.0,15.0,0.0,105.0,1.6094379124341003,4.663439094112067,0.0,2.772588722239781,1.6094379124341003,1.0986122886681098,0.03809523773242631,0.03809523773242631,3.749999062500234,0.0,19.0,7.666666666666667,0,0,0.3812,TN
3.0,1.0,0.0,1.0,10.0,3.0,244.0,1.3862943611198906,5.501258210544727,1.3862943611198906,2.3978952727983707,0.6931471805599453,0.6931471805599453,0.012295081916823434,0.004098360638941145,3.3333322222225923,0.9999996666667778,11.0,4.666666666666667,0,0,0.3207,TN
33.0,2.0,0.0,15.0,130.0,434.0,1220.0,3.5263605246161616,7.107425474110705,6.075346031088684,4.875197323201151,2.772588722239781,1.0986122886681098,0.02704918030569739,0.012295081957135178,3.9393938200183696,13.151514752984403,145.0,59.333333333333336,0,1,0.7736,FP
7.0,2.0,1.0,11.0,20.0,9.0,74.0,2.0794415416798357,4.31748811353631,2.302585092994046,3.044522437723423,2.4849066497880004,1.0986122886681098,0.09459459331628928,0.14864864663988317,2.85714244897965,1.2857141020408425,31.0,12.666666666666666,1,0,0.5156,FN
2.0,4.0,0.0,5.0,4.0,0.0,14.0,1.0986122886681098,2.70805020110221,0.0,1.6094379124341003,1.791759469228055,1.6094379124341003,0.14285713265306196,0.3571428316326549,1.9999990000005,0.0,9.0,3.6666666666666665,0,0,0.4311,TN
16.0,2.0,0.0,5.0,26.0,80.0,207.0,2.833213344056216,5.337538079701318,4.394449154672439,3.295836866004329,1.791759469228055,1.0986122886681098,0.07729468561693388,0.02415458925529184,1.6249998984375063,4.999999687500019,31.0,15.666666666666666,1,1,0.7522,TP
3.0,1.0,0.0,1.0,3.0,3.0,3.0,1.3862943611198906,1.3862943611198906,1.3862943611198906,1.3862943611198906,0.6931471805599453,0.6931471805599453,0.9999996666667778,0.33333322222225925,0.9999996666667778,0.9999996666667778,4.0,2.3333333333333335,0,0,0.3776,TN
75.0,1.0,2.0,58.0,156.0,2419.0,1888.0,4.330733340286331,7.543802867501509,7.791522819150732,5.056245805348308,4.07753744390572,0.6931471805599453,0.03972457625014588,0.03072033896677948,2.079999972266667,32.25333290328889,214.0,96.33333333333333,0,1,0.8118,FP
4.0,4.0,0.0,3.0,8.0,6.0,20.0,1.6094379124341003,3.044522437723423,1.9459101490553132,2.1972245773362196,1.3862943611198906,1.6094379124341003,0.1999999900000005,0.14999999250000037,1.999999500000125,1.4999996250000938,11.0,5.0,0,0,0.3681,TN
37.0,4.0,0.0,16.0,108.0,516.0,1130.0,3.6375861597263857,7.030857476116121,6.248042874508429,4.6913478822291435,2.833213344056216,1.6094379124341003,0.032743362802881974,0.014159292022867882,2.9189188400292205,13.945945569028499,124.0,53.666666666666664,0,1,0.811,FP
4.0,3.0,0.0,23.0,38.0,0.0,221.0,1.6094379124341003,5.402677381872279,0.0,3.6635616461296463,3.1780538303479458,1.3862943611198906,0.018099547429413814,0.10407239771912942,9.499997625000594,0.0,61.0,21.666666666666668,0,0,0.3289,TN
18.0,1.0,2.0,24.0,68.0,151.0,386.0,2.9444389791664403,5.958424693029782,5.0238805208462765,4.23410650459726,3.2188758248682006,0.6931471805599453,0.04663212423152299,0.062176165642030656,3.777777567901246,8.388888422839532,92.0,36.666666666666664,1,0,0.3383,FN
39.0,7.0,0.0,33.0,190.0,535.0,2164.0,3.6888794541139363,7.68017564043659,6.284134161070802,5.25227342804663,3.5263605246161616,2.0794415416798357,0.0180221811376977,0.015249537885744208,4.871794746877058,13.717948366206453,223.0,87.33333333333333,0,0,0.5309,TN
13.0,3.0,0.0,17.0,28.0,52.0,135.0,2.6390573296152584,4.912654885736052,3.970291913552122,3.367295829986474,2.8903717578961645,1.3862943611198906,0.09629629558299041,0.12592592499314129,2.1538459881656933,3.9999996923077163,45.0,19.333333333333332,0,0,0.2573,TN
14.0,1.0,0.0,30.0,96.0,87.0,905.0,2.70805020110221,6.80903930604298,4.477336814478207,4.574710978503383,3.4339872044851463,0.6931471805599453,0.015469613242575012,0.033149171234089315,6.857142367346974,6.214285270408196,126.0,46.666666666666664,1,1,0.6786,TP
15.0,1.0,0.0,29.0,76.0,99.0,566.0,2.772588722239781,6.340359303727752,4.605170185988092,4.343805421853684,3.4011973816621555,0.6931471805599453,0.026501766737629388,0.05123674902608348,5.066666328888911,6.59999956000003,105.0,40.0,0,0,0.533,TN
12.0,3.0,1.0,12.0,36.0,0.0,291.0,2.5649493574615367,5.676753802268282,0.0,3.6109179126442243,2.5649493574615367,1.3862943611198906,0.041237113260353564,0.041237113260353564,2.999999750000021,0.0,48.0,20.0,1,1,0.6614,TP
61.0,2.0,0.0,8.0,84.0,610.0,1176.0,4.127134385045092,7.0707241072602764,6.415096959171596,4.442651256490317,2.1972245773362196,1.0986122886681098,0.05187074825521194,0.006802721082650747,1.3770491577532926,9.999999836065577,92.0,51.0,1,1,0.8761,TP
8.0,6.0,8.0,26.0,25.0,24.0,100.0,2.1972245773362196,4.61512051684126,3.2188758248682006,3.258096538021482,3.295836866004329,1.9459101490553132,0.0799999992,0.2599999974,3.124999609375049,2.999999625000047,51.0,19.666666666666668,0,0,0.2386,TN
6.0,1.0,0.0,8.0,30.0,0.0,163.0,1.9459101490553132,5.099866427824199,0.0,3.4339872044851463,2.1972245773362196,0.6931471805599453,0.036809815725093155,0.049079754300124206,4.9999991666668056,0.0,38.0,14.666666666666666,0,0,0.4524,TN
26.0,2.0,0.0,19.0,72.0,91.0,640.0,3.295836866004329,6.46302945692067,4.5217885770490405,4.290459441148391,2.995732273553991,1.0986122886681098,0.04062499993652344,0.02968749995361328,2.7692306627218977,3.4999998653846203,91.0,39.0,1,1,0.795,TP
39.0,2.0,0.0,24.0,76.0,641.0,453.0,3.6888794541139363,6.118097198041348,6.464588303689961,4.343805421853684,3.2188758248682006,1.0986122886681098,0.08609271504173793,0.05298013233337719,1.9487178987508231,16.43589701446418,100.0,46.333333333333336,0,0,0.4233,TN
8.0,6.0,0.0,9.0,26.0,16.0,105.0,2.1972245773362196,4.663439094112067,2.833213344056216,3.295836866004329,2.302585092994046,1.9459101490553132,0.07619047546485262,0.0857142848979592,3.249999593750051,1.9999997500000315,35.0,14.333333333333334,0,0,0.1984,TN
23.0,2.0,0.0,8.0,39.0,35.0,360.0,3.1780538303479458,5.8888779583328805,3.58351893845611,3.6888794541139363,2.1972245773362196,1.0986122886681098,0.06388888871141975,0.022222222160493826,1.695652100189039,1.5217390642722146,47.0,23.333333333333332,1,1,0.8087,TP
9.0,3.0,1.0,11.0,23.0,8.0,127.0,2.302585092994046,4.852030263919617,2.1972245773362196,3.1780538303479458,2.4849066497880004,1.3862943611198906,0.07086614117428236,0.0866141725463451,2.55555527160497,0.8888887901234679,34.0,14.333333333333334,0,0,0.4573,TN
13.0,3.0,0.0,9.0,37.0,26.0,226.0,2.6390573296152584,5.424950017481403,3.295836866004329,3.6375861597263857,2.302585092994046,1.3862943611198906,0.05752212363928264,0.03982300867334952,2.846153627218952,1.9999998461538582,46.0,19.666666666666668,1,0,0.4272,FN
6.0,2.0,5.0,20.0,8.0,15.0,17.0,1.9459101490553132,2.8903717578961645,2.772588722239781,2.1972245773362196,3.044522437723423,1.0986122886681098,0.35294115570934376,1.176470519031146,1.3333331111111482,2.4999995833334028,28.0,11.333333333333334,1,0,0.4436,FN
5.0,1.0,1.0,9.0,6.0,10.0,8.0,1.791759469228055,2.1972245773362196,2.3978952727983707,1.9459101490553132,2.302585092994046,0.6931471805599453,0.6249999218750099,1.1249998593750177,1.199999760000048,1.99999960000008,15.0,6.666666666666667,0,0,0.3736,TN
19.0,1.0,2.0,9.0,21.0,145.0,143.0,2.995732273553991,4.969813299576001,4.983606621708336,3.091042453358316,2.302585092994046,0.6931471805599453,0.1328671319379921,0.06293706249694361,1.1052630997229946,7.631578545706392,30.0,16.333333333333332,1,1,0.666,TP
27.0,3.0,0.0,11.0,90.0,349.0,845.0,3.332204510175204,6.740519359606223,5.857933154483459,4.51085950651685,2.4849066497880004,1.3862943611198906,0.03195266268407969,0.013017751463884317,3.333333209876548,12.925925447187947,101.0,42.666666666666664,0,1,0.7205,FP
15.0,2.0,0.0,6.0,31.0,43.0,229.0,2.772588722239781,5.438079308923196,3.784189633918261,3.4657359027997265,1.9459101490553132,1.0986122886681098,0.0655021831200778,0.026200873248031123,2.066666528888898,2.8666664755555686,37.0,17.333333333333332,1,1,0.77,TP
12.0,1.0,0.0,10.0,18.0,0.0,517.0,2.5649493574615367,6.249975242259483,0.0,2.9444389791664403,2.3978952727983707,0.6931471805599453,0.023210831676574794,0.019342359730478993,1.4999998750000105,0.0,28.0,13.333333333333334,1,1,0.6974,TP
11.0,2.0,0.0,7.0,26.0,0.0,181.0,2.4849066497880004,5.204006687076795,0.0,3.295836866004329,2.0794415416798357,1.0986122886681098,0.06077348032721834,0.03867403293550258,2.3636361487603503,0.0,33.0,14.666666666666666,0,1,0.6836,FP
12.0,1.0,0.0,2.0,25.0,0.0,253.0,2.5649493574615367,5.537334267018537,0.0,3.258096538021482,1.0986122886681098,0.6931471805599453,0.047430829852052055,0.007905138308675343,2.083333159722237,0.0,27.0,13.0,0,0,0.2581,TN
10.0,3.0,0.0,3.0,23.0,0.0,143.0,2.3978952727983707,4.969813299576001,0.0,3.1780538303479458,1.3862943611198906,1.3862943611198906,0.06993006944104847,0.02097902083231454,2.299999770000023,0.0,26.0,12.0,0,0,0.4813,TN
262.0,4.0,3.0,81.0,540.0,19801.0,9460.0,5.572154032177765,9.154933364704444,9.89353822168246,6.293419278846481,4.406719247264253,1.6094379124341003,0.02769556025077214,0.008562367863788332,2.061068694423402,75.5763355894033,621.0,294.3333333333333,0,1,0.8727,FP
4.0,2.0,0.0,11.0,7.0,0.0,36.0,1.6094379124341003,3.6109179126442243,0.0,2.0794415416798357,2.4849066497880004,1.0986122886681098,0.11111110802469146,0.3055555470679015,1.7499995625001092,0.0,18.0,7.333333333333333,0,0,0.3788,TN
4.0,1.0,0.0,2.0,17.0,6.0,53.0,1.6094379124341003,3.9889840465642745,1.9459101490553132,2.8903717578961645,1.0986122886681098,0.6931471805599453,0.07547169668921327,0.03773584834460664,4.249998937500266,1.4999996250000938,19.0,7.666666666666667,1,0,0.4829,FN
6.0,1.0,0.0,5.0,12.0,0.0,387.0,1.9459101490553132,5.961005339623274,0.0,2.5649493574615367,1.791759469228055,0.6931471805599453,0.015503875928930553,0.012919896607442128,1.9999996666667221,0.0,17.0,7.666666666666667,0,1,0.7037,FP
27.0,2.0,0.0,8.0,47.0,149.0,538.0,3.332204510175204,6.289715570908998,5.0106352940962555,3.871201010907891,2.1972245773362196,1.0986122886681098,0.050185873512665666,0.014869888448197234,1.7407406762688638,5.5185183141289516,55.0,27.333333333333332,1,1,0.8762,TP
11.0,2.0,0.0,10.0,15.0,0.0,104.0,2.4849066497880004,4.653960350157523,0.0,2.772588722239781,2.3978952727983707,1.0986122886681098,0.10576922975221895,0.09615384522928995,1.3636362396694328,0.0,25.0,12.0,1,0,0.5815,FN
1.0,1.0,0.0,9.0,1.0,0.0,1.0,0.6931471805599453,0.6931471805599453,0.0,0.6931471805599453,2.302585092994046,0.6931471805599453,0.9999990000010001,8.999991000009,0.9999990000010001,0.0,10.0,3.6666666666666665,0,0,0.4443,TN
39.0,2.0,0.0,8.0,58.0,91.0,652.0,3.6888794541139363,6.481577129276431,4.5217885770490405,4.07753744390572,2.1972245773362196,1.0986122886681098,0.05981595082850314,0.012269938631487825,1.487179449046681,2.3333332735042753,66.0,35.0,1,1,0.8514,TP
12.0,1.0,1.0,0.0,22.0,66.0,100.0,2.5649493574615367,4.61512051684126,4.204692619390966,3.1354942159291497,0.0,0.6931471805599453,0.11999999880000002,0.0,1.8333331805555684,5.499999541666705,22.0,11.333333333333334,0,0,0.1959,TN
7.0,1.0,0.0,8.0,20.0,11.0,91.0,2.0794415416798357,4.5217885770490405,2.4849066497880004,3.044522437723423,2.1972245773362196,0.6931471805599453,0.0769230760777684,0.08791208694602103,2.85714244897965,1.5714283469388075,28.0,11.666666666666666,0,0,0.3595,TN
70.0,1.0,0.0,77.0,187.0,2409.0,2017.0,4.2626798770413155,7.609862200913554,7.787382026484701,5.236441962829949,4.356708826689592,0.6931471805599453,0.03470500741958105,0.03817550816153916,2.6714285332653067,34.41428522265307,264.0,111.33333333333333,0,1,0.718,FP
8.0,1.0,0.0,5.0,10.0,4.0,75.0,2.1972245773362196,4.330733340286331,1.6094379124341003,2.3978952727983707,1.791759469228055,0.6931471805599453,0.10666666524444447,0.06666666577777779,1.2499998437500197,0.4999999375000079,15.0,7.666666666666667,0,0,0.4343,TN
7.0,1.0,0.0,11.0,14.0,11.0,66.0,2.0794415416798357,4.204692619390966,2.4849066497880004,2.70805020110221,2.4849066497880004,0.6931471805599453,0.10606060445362721,0.16666666414141418,1.999999714285755,1.5714283469388075,25.0,10.666666666666666,0,0,0.4332,TN
31.0,3.0,7.0,16.0,71.0,227.0,975.0,3.4657359027997265,6.883462586413092,5.429345628954441,4.276666119016055,2.833213344056216,1.3862943611198906,0.03179487176226167,0.016410256393425377,2.2903225067637902,7.322580408949019,87.0,39.333333333333336,1,1,0.8834,TP
7.0,1.0,0.0,48.0,7.0,21.0,7.0,2.0794415416798357,2.0794415416798357,3.091042453358316,2.0794415416798357,3.8918202981106265,0.6931471805599453,0.9999998571428775,6.85714187755116,0.9999998571428775,2.9999995714286327,55.0,20.666666666666668,1,0,0.4114,FN
6.0,0.0,0.0,8.0,23.0,0.0,100.0,1.9459101490553132,4.61512051684126,0.0,3.1780538303479458,2.1972245773362196,0.0,0.05999999940000001,0.0799999992,3.8333326944445507,0.0,31.0,12.333333333333334,0,0,0.2126,TN
5.0,1.0,0.0,3.0,12.0,8.0,42.0,1.791759469228055,3.7612001156935624,2.1972245773362196,2.5649493574615367,1.3862943611198906,0.6931471805599453,0.119047616213152,0.0714285697278912,2.399999520000096,1.599999680000064,15.0,6.666666666666667,0,0,0.2778,TN
10.0,0.0,0.0,24.0,58.0,37.0,264.0,2.3978952727983707,5.579729825986222,3.6375861597263857,4.07753744390572,3.2188758248682006,0.0,0.037878787735307624,0.0909090905647383,5.799999420000058,3.699999630000037,82.0,30.666666666666668,0,0,0.1829,TN
7.0,4.0,0.0,2.0,14.0,21.0,42.0,2.0794415416798357,3.7612001156935624,3.091042453358316,2.70805020110221,1.0986122886681098,1.6094379124341003,0.1666666626984128,0.0476190464852608,1.999999714285755,2.9999995714286327,16.0,7.666666666666667,1,1,0.6367,TP
1.0,1.0,0.0,2.0,1.0,0.0,352.0,0.6931471805599453,5.8664680569332965,0.0,0.6931471805599453,1.0986122886681098,0.6931471805599453,0.0028409090828383264,0.005681818165676653,0.9999990000010001,0.0,3.0,1.3333333333333333,1,0,0.4912,FN
5.0,3.0,0.0,3.0,7.0,4.0,29.0,1.791759469228055,3.4011973816621555,1.6094379124341003,2.0794415416798357,1.3862943611198906,1.3862943611198906,0.17241378715814526,0.10344827229488716,1.399999720000056,0.799999840000032,10.0,5.0,0,0,0.3695,TN
34.0,4.0,0.0,10.0,92.0,39.0,710.0,3.5553480614894135,6.566672429803241,3.6888794541139363,4.532599493153256,2.3978952727983707,1.6094379124341003,0.047887323876215034,0.014084507022416187,2.705882273356404,1.1470587897923885,102.0,45.333333333333336,1,1,0.6757,TP
14.0,3.0,0.0,6.0,25.0,51.0,129.0,2.70805020110221,4.867534450455582,3.9512437185814275,3.258096538021482,1.9459101490553132,1.3862943611198906,0.10852713094165015,0.04651162754642149,1.7857141581632745,3.64285688265308,31.0,15.0,0,1,0.699,FP
25.0,1.0,0.0,13.0,59.0,300.0,220.0,3.258096538021482,5.3981627015177525,5.707110264748875,4.0943445622221,2.6390573296152584,0.6931471805599453,0.11363636311983472,0.059090908822314055,2.3599999056000036,11.999999520000019,72.0,32.333333333333336,1,0,0.3236,FN
5.0,2.0,2.0,22.0,6.0,10.0,26.0,1.791759469228055,3.295836866004329,2.3978952727983707,1.9459101490553132,3.1354942159291497,1.0986122886681098,0.1923076849112429,0.8461538136094686,1.199999760000048,1.99999960000008,28.0,11.0,0,0,0.3638,TN
2.0,1.0,0.0,6.0,8.0,1.0,33.0,1.0986122886681098,3.5263605246161616,0.6931471805599453,2.1972245773362196,1.9459101490553132,0.6931471805599453,0.060606058769513374,0.18181817630854014,3.999998000001,0.499999750000125,14.0,5.333333333333333,1,0,0.3267,FN
7.0,1.0,0.0,40.0,7.0,21.0,7.0,2.0794415416798357,2.0794415416798357,3.091042453358316,2.0794415416798357,3.713572066704308,0.6931471805599453,0.9999998571428775,5.7142848979593,0.9999998571428775,2.9999995714286327,47.0,18.0,0,0,0.3991,TN
3.0,5.0,0.0,4.0,8.0,0.0,32.0,1.3862943611198906,3.4965075614664802,0.0,2.1972245773362196,1.6094379124341003,1.791759469228055,0.0937499970703126,0.12499999609375013,2.666665777778074,0.0,12.0,5.0,0,0,0.362,TN
7.0,1.0,0.0,2.0,13.0,0.0,246.0,2.0794415416798357,5.5093883366279774,0.0,2.6390573296152584,1.0986122886681098,0.6931471805599453,0.028455284437173642,0.008130081267763897,1.8571425918367725,0.0,15.0,7.333333333333333,1,0,0.3006,FN
6.0,2.0,0.0,10.0,20.0,0.0,84.0,1.9459101490553132,4.442651256490317,0.0,3.044522437723423,2.3978952727983707,1.0986122886681098,0.0714285705782313,0.1190476176303855,3.33333277777787,0.0,30.0,12.0,1,0,0.4211,FN
6.0,3.0,0.0,6.0,15.0,13.0,54.0,1.9459101490553132,4.007333185232471,2.6390573296152584,2.772588722239781,1.9459101490553132,1.3862943611198906,0.11111110905349798,0.11111110905349798,2.4999995833334028,2.1666663055556157,21.0,9.0,0,0,0.3154,TN
14.0,1.0,0.0,11.0,45.0,23.0,400.0,2.70805020110221,5.993961427306569,3.1780538303479458,3.828641396489095,2.4849066497880004,0.6931471805599453,0.0349999999125,0.02749999993125,3.214285484693894,1.6428570255102126,56.0,23.333333333333332,1,1,0.6898,TP
6.0,2.0,0.0,12.0,10.0,9.0,48.0,1.9459101490553132,3.8918202981106265,2.302585092994046,2.3978952727983707,2.5649493574615367,1.0986122886681098,0.1249999973958334,0.2499999947916668,1.666666388888935,1.4999997500000417,22.0,9.333333333333334,0,0,0.4664,TN
9.0,4.0,0.0,10.0,64.0,22.0,791.0,2.302585092994046,6.674561391814426,3.1354942159291497,4.174387269895637,2.3978952727983707,1.6094379124341003,0.01137800251406068,0.012642225015622977,7.111110320987743,2.4444441728395367,74.0,27.666666666666668,1,1,0.6647,TP
8.0,4.0,0.0,9.0,19.0,22.0,59.0,2.1972245773362196,4.0943445622221,3.1354942159291497,2.995732273553991,2.302585092994046,1.6094379124341003,0.1355932180407929,0.15254237029589204,2.374999703125037,2.749999656250043,28.0,12.0,0,0,0.2988,TN
28.0,2.0,0.0,31.0,106.0,216.0,828.0,3.367295829986474,6.720220155135295,5.37989735354046,4.672828834461906,3.4657359027997265,1.0986122886681098,0.03381642507993186,0.03743961348135312,3.7857141505102088,7.71428543877552,137.0,55.0,1,1,0.756,TP
55.0,2.0,1.0,12.0,69.0,0.0,1531.0,4.02535169073515,7.3343293503005365,0.0,4.248495242049359,2.5649493574615367,1.0986122886681098,0.03592423250429508,0.007838014364573471,1.2545454317355376,0.0,81.0,45.333333333333336,1,1,0.8186,TP
1.0,3.0,0.0,1.0,2.0,0.0,5.0,0.6931471805599453,1.791759469228055,0.0,1.0986122886681098,0.6931471805599453,1.3862943611198906,0.199999960000008,0.199999960000008,1.9999980000020001,0.0,3.0,1.3333333333333333,1,0,0.2136,FN
5.0,1.0,0.0,2.0,10.0,0.0,60.0,1.791759469228055,4.110873864173311,0.0,2.3978952727983707,1.0986122886681098,0.6931471805599453,0.08333333194444448,0.03333333277777779,1.99999960000008,0.0,12.0,5.666666666666667,0,0,0.2866,TN
12.0,3.0,0.0,15.0,32.0,50.0,156.0,2.5649493574615367,5.056245805348308,3.9318256327243257,3.4965075614664802,2.772588722239781,1.3862943611198906,0.07692307642998028,0.09615384553747536,2.666666444444463,4.166666319444474,47.0,19.666666666666668,0,0,0.2503,TN
2.0,1.0,0.0,7.0,2.0,1.0,2.0,1.0986122886681098,1.0986122886681098,0.6931471805599453,1.0986122886681098,2.0794415416798357,0.6931471805599453,0.99999950000025,3.499998250000875,0.99999950000025,0.499999750000125,9.0,3.6666666666666665,1,0,0.4487,FN
7.0,3.0,0.0,12.0,35.0,15.0,156.0,2.0794415416798357,5.056245805348308,2.772588722239781,3.58351893845611,2.5649493574615367,1.3862943611198906,0.04487179458415516,0.07692307642998028,4.999999285714388,2.1428568367347376,47.0,18.0,1,0,0.2976,FN
1.0,2.0,0.0,18.0,2.0,0.0,5.0,0.6931471805599453,1.791759469228055,0.0,1.0986122886681098,2.9444389791664403,1.0986122886681098,0.199999960000008,3.599999280000144,1.9999980000020001,0.0,20.0,7.0,0,0,0.2513,TN
22.0,1.0,2.0,21.0,52.0,201.0,411.0,3.1354942159291497,6.021023349349527,5.308267697401205,3.970291913552122,3.091042453358316,0.6931471805599453,0.05352798040504141,0.05109489038663044,2.363636256198352,9.136363221074399,73.0,31.666666666666668,0,0,0.5522,TN
7.0,1.0,0.0,4.0,29.0,17.0,154.0,2.0794415416798357,5.043425116919247,2.8903717578961645,3.4011973816621555,1.6094379124341003,0.6931471805599453,0.04545454515938607,0.025974025805363468,4.142856551020492,2.4285710816327026,33.0,13.333333333333334,1,0,0.4114,FN
32.0,3.0,0.0,38.0,97.0,320.0,834.0,3.4965075614664802,6.727431724850855,5.771441123130016,4.584967478670572,3.6635616461296463,1.3862943611198906,0.038369304510348555,0.04556354910603891,3.0312499052734405,9.99999968750001,135.0,55.666666666666664,0,1,0.7928,FP
4.0,2.0,0.0,9.0,16.0,2.0,67.0,1.6094379124341003,4.219507705176107,1.0986122886681098,2.833213344056216,2.302585092994046,1.0986122886681098,0.0597014916462464,0.1343283562040544,3.99999900000025,0.49999987500003124,25.0,9.666666666666666,1,0,0.2868,FN
25.0,1.0,0.0,19.0,77.0,170.0,1041.0,3.258096538021482,6.948897222313312,5.14166355650266,4.356708826689592,2.995732273553991,0.6931471805599453,0.024015369813625963,0.018251681058355732,3.079999876800005,6.79999972800001,96.0,40.333333333333336,1,1,0.7562,TP
6.0,5.0,0.0,5.0,46.0,11.0,251.0,1.9459101490553132,5.529429087511423,2.4849066497880004,3.8501476017100584,1.791759469228055,1.791759469228055,0.02390438237488294,0.019920318645735784,7.666665388889101,1.8333330277778286,51.0,19.0,1,0,0.2566,FN
5.0,3.0,0.0,10.0,16.0,4.0,87.0,1.791759469228055,4.477336814478207,1.6094379124341003,2.833213344056216,2.3978952727983707,1.3862943611198906,0.057471263707226855,0.11494252741445371,3.199999360000128,0.799999840000032,26.0,10.333333333333334,1,0,0.3271,FN
1.0,5.0,0.0,1.0,8.0,0.0,18.0,0.6931471805599453,2.9444389791664403,0.0,2.1972245773362196,0.6931471805599453,1.791759469228055,0.055555552469135974,0.055555552469135974,7.9999920000080005,0.0,9.0,3.3333333333333335,0,0,0.178,TN
9.0,4.0,0.0,5.0,16.0,18.0,96.0,2.302585092994046,4.574710978503383,2.9444389791664403,2.833213344056216,1.791759469228055,1.6094379124341003,0.09374999902343752,0.05208333279079862,1.7777775802469358,1.9999997777778027,21.0,10.0,0,0,0.4798,TN
2.0,1.0,0.0,1.0,10.0,1.0,42.0,1.0986122886681098,3.7612001156935624,0.6931471805599453,2.3978952727983707,0.6931471805599453,0.6931471805599453,0.0476190464852608,0.0238095232426304,4.99999750000125,0.499999750000125,11.0,4.333333333333333,0,0,0.4054,TN
11.0,1.0,0.0,11.0,44.0,49.0,279.0,2.4849066497880004,5.634789603169249,3.912023005428146,3.8066624897703196,2.4849066497880004,0.6931471805599453,0.03942652315617734,0.03942652315617734,3.9999996363636696,4.454545049586814,55.0,22.0,1,0,0.358,FN
7.0,3.0,0.0,6.0,18.0,21.0,63.0,2.0794415416798357,4.1588830833596715,3.091042453358316,2.9444389791664403,1.9459101490553132,1.3862943611198906,0.11111110934744271,0.09523809372637947,2.571428204081685,2.9999995714286327,24.0,10.333333333333334,1,0,0.3218,FN
23.0,4.0,0.0,13.0,96.0,181.0,856.0,3.1780538303479458,6.75343791859778,5.204006687076795,4.574710978503383,2.6390573296152584,1.6094379124341003,0.02686915884711547,0.015186915870108742,4.173912862003789,7.86956487523631,109.0,44.0,1,0,0.5763,FN
12.0,2.0,0.0,17.0,49.0,0.0,269.0,2.5649493574615367,5.598421958998375,0.0,3.912023005428146,2.8903717578961645,1.0986122886681098,0.044609665261674106,0.06319702578737166,4.083332993055584,0.0,66.0,26.0,1,0,0.5889,FN
2.0,1.0,0.0,22.0,2.0,1.0,2.0,1.0986122886681098,1.0986122886681098,0.6931471805599453,1.0986122886681098,3.1354942159291497,0.6931471805599453,0.99999950000025,10.99999450000275,0.99999950000025,0.499999750000125,24.0,8.666666666666666,0,0,0.4222,TN
8.0,2.0,0.0,8.0,19.0,8.0,93.0,2.1972245773362196,4.543294782270004,2.1972245773362196,2.995732273553991,2.1972245773362196,1.0986122886681098,0.08602150445138168,0.08602150445138168,2.374999703125037,0.9999998750000157,27.0,11.666666666666666,1,0,0.3985,FN
11.0,1.0,0.0,10.0,47.0,41.0,551.0,2.4849066497880004,6.313548046277095,3.7376696182833684,3.871201010907891,2.3978952727983707,0.6931471805599453,0.01996370232311488,0.0181488202937408,4.2727268842975565,3.727272388429783,57.0,22.666666666666668,0,1,0.6686,FP
14.0,1.0,0.0,4.0,43.0,81.0,230.0,2.70805020110221,5.442417710521793,4.406719247264253,3.784189633918261,1.6094379124341003,0.6931471805599453,0.060869564952741026,0.01739130427221172,3.071428352040832,5.785713872449009,47.0,20.333333333333332,0,0,0.2802,TN
3.0,1.0,0.0,7.0,3.0,3.0,3.0,1.3862943611198906,1.3862943611198906,1.3862943611198906,1.3862943611198906,2.0794415416798357,0.6931471805599453,0.9999996666667778,2.3333325555558146,0.9999996666667778,0.9999996666667778,10.0,4.333333333333333,0,0,0.4525,TN
5.0,1.0,1.0,3.0,13.0,4.0,48.0,1.791759469228055,3.8918202981106265,1.6094379124341003,2.6390573296152584,1.3862943611198906,0.6931471805599453,0.10416666449652782,0.0624999986979167,2.599999480000104,0.799999840000032,16.0,7.0,0,0,0.3318,TN
0.0,1.0,0.0,0.0,0.0,0.0,0.0,0.0,0.0,0.0,0.0,0.0,0.6931471805599453,0.0,0.0,0.0,0.0,0.0,0.0,0,0,0.2632,TN
23.0,2.0,0.0,8.0,41.0,0.0,349.0,3.1780538303479458,5.857933154483459,0.0,3.7376696182833684,2.1972245773362196,1.0986122886681098,0.065902578607729,0.022922636037470957,1.7826086181474512,0.0,49.0,24.0,1,1,0.8086,TP
2.0,2.0,0.0,2.0,5.0,1.0,11.0,1.0986122886681098,2.4849066497880004,0.6931471805599453,1.791759469228055,1.0986122886681098,1.0986122886681098,0.1818181652892577,0.1818181652892577,2.499998750000625,0.499999750000125,7.0,3.0,0,0,0.2269,TN
2.0,1.0,0.0,6.0,8.0,1.0,23.0,1.0986122886681098,3.1780538303479458,0.6931471805599453,2.1972245773362196,1.9459101490553132,0.6931471805599453,0.08695651795841226,0.2608695538752368,3.999998000001,0.499999750000125,14.0,5.333333333333333,0,0,0.3141,TN
25.0,3.0,0.0,18.0,91.0,218.0,671.0,3.258096538021482,6.51025834052315,5.389071729816501,4.5217885770490405,2.9444389791664403,1.3862943611198906,0.037257824087544224,0.026825633343031844,3.639999854400006,8.719999651200014,109.0,44.666666666666664,0,1,0.7144,FP
8.0,2.0,0.0,18.0,41.0,0.0,218.0,2.1972245773362196,5.389071729816501,0.0,3.7376696182833684,2.9444389791664403,1.0986122886681098,0.03669724753808602,0.08256880696069355,5.124999359375081,0.0,59.0,22.333333333333332,1,0,0.5533,FN
6.0,1.0,0.0,2.0,19.0,13.0,127.0,1.9459101490553132,4.852030263919617,2.6390573296152584,2.995732273553991,1.0986122886681098,0.6931471805599453,0.04724409411618823,0.015748031372062744,3.166666138888977,2.1666663055556157,21.0,9.0,1,1,0.6073,TP
2.0,0.0,0.0,5.0,10.0,1.0,58.0,1.0986122886681098,4.07753744390572,0.6931471805599453,2.3978952727983707,1.791759469228055,0.0,0.03448275802615935,0.08620689506539836,4.99999750000125,0.499999750000125,15.0,5.666666666666667,0,0,0.2401,TN
3.0,1.0,0.0,10.0,10.0,0.0,49.0,1.3862943611198906,3.912023005428146,0.0,2.3978952727983707,2.3978952727983707,0.6931471805599453,0.06122448854643901,0.20408162848813005,3.3333322222225923,0.0,20.0,7.666666666666667,1,0,0.3657,FN
7.0,1.0,0.0,3.0,15.0,21.0,66.0,2.0794415416798357,4.204692619390966,3.091042453358316,2.772588722239781,1.3862943611198906,0.6931471805599453,0.10606060445362721,0.04545454476584023,2.1428568367347376,2.9999995714286327,18.0,8.333333333333334,0,0,0.4439,TN
4.0,1.0,0.0,13.0,22.0,2.0,126.0,1.6094379124341003,4.844187086458591,1.0986122886681098,3.1354942159291497,2.6390573296152584,0.6931471805599453,0.03174603149407912,0.10317460235575712,5.499998625000344,0.49999987500003124,35.0,13.0,0,0,0.2544,TN
3.0,1.0,1.0,6.0,4.0,3.0,6.0,1.3862943611198906,1.9459101490553132,1.3862943611198906,1.6094379124341003,1.9459101490553132,0.6931471805599453,0.49999991666668053,0.9999998333333611,1.333332888889037,0.9999996666667778,10.0,4.333333333333333,0,0,0.3816,TN
3.0,2.0,0.0,10.0,25.0,3.0,139.0,1.3862943611198906,4.941642422609304,1.3862943611198906,3.258096538021482,2.3978952727983707,1.0986122886681098,0.021582733657678176,0.07194244552559392,8.333330555556481,0.9999996666667778,35.0,12.666666666666666,0,0,0.1849,TN
12.0,1.0,0.0,7.0,63.0,64.0,939.0,2.5649493574615367,6.84587987526405,4.174387269895637,4.1588830833596715,2.0794415416798357,0.6931471805599453,0.012779552702045205,0.007454739076193036,5.249999562500037,5.333332888888926,70.0,27.333333333333332,0,1,0.6851,FP
49.0,1.0,0.0,13.0,128.0,1014.0,1254.0,3.912023005428146,7.134890851565884,6.922643891475888,4.859812404361672,2.6390573296152584,0.6931471805599453,0.039074960096431445,0.010366826148032833,2.6122448446480644,20.693877128696386,141.0,63.333333333333336,0,1,0.7455,FP
1.0,1.0,0.0,2.0,1.0,0.0,179.0,0.6931471805599453,5.19295685089021,0.0,0.6931471805599453,1.0986122886681098,0.6931471805599453,0.005586592147560938,0.011173184295121876,0.9999990000010001,0.0,3.0,1.3333333333333333,0,0,0.435,TN
9.0,1.0,0.0,3.0,34.0,34.0,167.0,2.302585092994046,5.123963979403259,3.5553480614894135,3.5553480614894135,1.3862943611198906,0.6931471805599453,0.0538922152461544,0.017964071748718134,3.7777773580247382,3.7777773580247382,37.0,15.333333333333334,1,0,0.5056,FN
7.0,1.0,0.0,3.0,7.0,21.0,7.0,2.0794415416798357,2.0794415416798357,3.091042453358316,2.0794415416798357,1.3862943611198906,0.6931471805599453,0.9999998571428775,0.4285713673469475,0.9999998571428775,2.9999995714286327,10.0,5.666666666666667,0,0,0.4838,TN
1.0,2.0,0.0,5.0,2.0,0.0,5.0,0.6931471805599453,1.791759469228055,0.0,1.0986122886681098,1.791759469228055,1.0986122886681098,0.199999960000008,0.99999980000004,1.9999980000020001,0.0,7.0,2.6666666666666665,0,0,0.3032,TN
4.0,2.0,0.0,6.0,7.0,6.0,20.0,1.6094379124341003,3.044522437723423,1.9459101490553132,2.0794415416798357,1.9459101490553132,1.0986122886681098,0.1999999900000005,0.29999998500000075,1.7499995625001092,1.4999996250000938,13.0,5.666666666666667,0,0,0.1671,TN
4.0,1.0,0.0,6.0,4.0,6.0,5.0,1.6094379124341003,1.791759469228055,1.9459101490553132,1.6094379124341003,1.9459101490553132,0.6931471805599453,0.799999840000032,1.199999760000048,0.9999997500000625,1.4999996250000938,10.0,4.666666666666667,0,0,0.5124,TN
7.0,1.0,0.0,12.0,21.0,9.0,80.0,2.0794415416798357,4.394449154672439,2.302585092994046,3.091042453358316,2.5649493574615367,0.6931471805599453,0.08749999890625001,0.14999999812500003,2.9999995714286327,1.2857141020408425,33.0,13.333333333333334,0,0,0.4038,TN
31.0,2.0,1.0,25.0,116.0,177.0,1419.0,3.4657359027997265,7.258412150595307,5.181783550292085,4.762173934797756,3.258096538021482,1.0986122886681098,0.021846370668184373,0.017618040861439012,3.741935363163375,5.709677235171702,141.0,57.333333333333336,1,1,0.8736,TP
16.0,2.0,0.0,14.0,33.0,102.0,144.0,2.833213344056216,4.976733742420574,4.634728988229636,3.5263605246161616,2.70805020110221,1.0986122886681098,0.11111111033950619,0.0972222215470679,2.062499871093758,6.374999601562524,47.0,21.0,0,0,0.2664,TN
30.0,1.0,0.0,0.0,88.0,177.0,887.0,3.4339872044851463,6.78897174299217,5.181783550292085,4.48863636973214,0.0,0.6931471805599453,0.033821871438757756,0.0,2.933333235555559,5.89999980333334,88.0,39.333333333333336,0,0,0.5808,TN
7.0,2.0,0.0,10.0,15.0,17.0,61.0,2.0794415416798357,4.127134385045092,2.8903717578961645,2.772588722239781,2.3978952727983707,1.0986122886681098,0.11475409647944104,0.16393442354205864,2.1428568367347376,2.4285710816327026,25.0,10.666666666666666,0,0,0.3935,TN
10.0,1.0,0.0,0.0,10.0,45.0,13.0,2.3978952727983707,2.6390573296152584,3.828641396489095,2.3978952727983707,0.0,0.6931471805599453,0.7692307100591762,0.0,0.99999990000001,4.499999550000045,10.0,6.666666666666667,0,0,0.2223,TN
20.0,2.0,0.0,22.0,62.0,172.0,438.0,3.044522437723423,6.0844994130751715,5.153291594497779,4.143134726391533,3.1354942159291497,1.0986122886681098,0.04566210035236964,0.0502283103876066,3.0999998450000077,8.599999570000021,84.0,34.666666666666664,1,1,0.6735,TP
13.0,3.0,0.0,11.0,40.0,0.0,289.0,2.6390573296152584,5.66988092298052,0.0,3.713572066704308,2.4849066497880004,1.3862943611198906,0.04498269880628824,0.03806228360532082,3.076922840236705,0.0,51.0,21.333333333333332,0,0,0.5386,TN
7.0,1.0,0.0,6.0,30.0,17.0,144.0,2.0794415416798357,4.976733742420574,2.8903717578961645,3.4339872044851463,1.9459101490553132,0.6931471805599453,0.04861111077353395,0.041666666377314816,4.285713673469475,2.4285710816327026,36.0,14.333333333333334,1,0,0.4294,FN
4.0,1.0,0.0,16.0,79.0,0.0,435.0,1.6094379124341003,6.077642243349034,0.0,4.382026634673881,2.833213344056216,0.6931471805599453,0.009195402277711718,0.03678160911084687,19.749995062501235,0.0,95.0,33.0,0,0,0.3295,TN
2.0,1.0,0.0,3.0,6.0,0.0,26.0,1.0986122886681098,3.295836866004329,0.0,1.9459101490553132,1.3862943611198906,0.6931471805599453,0.07692307396449716,0.11538461094674572,2.99999850000075,0.0,9.0,3.6666666666666665,0,0,0.243,TN
2.0,1.0,0.0,30.0,65.0,0.0,412.0,1.0986122886681098,6.023447592961033,0.0,4.189654742026425,3.4339872044851463,0.6931471805599453,0.004854368920256386,0.0728155338038458,32.49998375000812,0.0,95.0,32.333333333333336,0,0,0.4291,TN
12.0,4.0,0.0,3.0,22.0,66.0,97.0,2.5649493574615367,4.584967478670572,4.204692619390966,3.1354942159291497,1.3862943611198906,1.6094379124341003,0.12371133893081095,0.030927834732702737,1.8333331805555684,5.499999541666705,25.0,12.333333333333334,1,1,0.7306,TP
5.0,2.0,0.0,5.0,10.0,10.0,32.0,1.791759469228055,3.4965075614664802,2.3978952727983707,2.3978952727983707,1.791759469228055,1.0986122886681098,0.15624999511718765,0.15624999511718765,1.99999960000008,1.99999960000008,15.0,6.666666666666667,0,0,0.2356,TN
21.0,2.0,0.0,16.0,55.0,116.0,361.0,3.091042453358316,5.8916442118257715,4.762173934797756,4.02535169073515,2.833213344056216,1.0986122886681098,0.058171744991214004,0.04432132951711543,2.6190474943310718,5.523809260770987,71.0,30.666666666666668,1,1,0.7201,TP
14.0,1.0,0.0,0.0,15.0,81.0,75.0,2.70805020110221,4.330733340286331,4.406719247264253,2.772588722239781,0.0,0.6931471805599453,0.18666666417777783,0.0,1.0714284948979647,5.785713872449009,15.0,9.666666666666666,0,0,0.1627,TN
3.0,1.0,0.0,3.0,4.0,3.0,9.0,1.3862943611198906,2.302585092994046,1.3862943611198906,1.6094379124341003,1.3862943611198906,0.6931471805599453,0.33333329629630043,0.33333329629630043,1.333332888889037,0.9999996666667778,7.0,3.3333333333333335,1,0,0.4074,FN
8.0,1.0,0.0,12.0,29.0,0.0,126.0,2.1972245773362196,4.844187086458591,0.0,3.4011973816621555,2.5649493574615367,0.6931471805599453,0.06349206298815824,0.09523809448223734,3.624999546875057,0.0,41.0,16.333333333333332,0,0,0.414,TN
9.0,4.0,0.0,5.0,20.0,28.0,156.0,2.302585092994046,5.056245805348308,3.367295829986474,3.044522437723423,1.791759469228055,1.6094379124341003,0.05769230732248521,0.03205128184582512,2.2222219753086696,3.1111107654321373,25.0,11.333333333333334,0,0,0.5556,TN
4.0,1.0,1.0,2.0,7.0,4.0,502.0,1.6094379124341003,6.220590170099739,1.6094379124341003,2.0794415416798357,1.0986122886681098,0.6931471805599453,0.007968127474167077,0.003984063737083539,1.7499995625001092,0.9999997500000625,9.0,4.333333333333333,0,0,0.3836,TN
14.0,1.0,0.0,3.0,15.0,0.0,126.0,2.70805020110221,4.844187086458591,0.0,2.772588722239781,1.3862943611198906,0.6931471805599453,0.1111111102292769,0.023809523620559336,1.0714284948979647,0.0,18.0,10.666666666666666,0,0,0.2453,TN
10.0,2.0,1.0,2.0,12.0,17.0,185.0,2.3978952727983707,5.225746673713202,2.8903717578961645,2.5649493574615367,1.0986122886681098,1.0986122886681098,0.05405405376186998,0.010810810752373995,1.199999880000012,1.6999998300000172,14.0,8.0,0,0,0.3511,TN
21.0,4.0,0.0,15.0,72.0,54.0,457.0,3.091042453358316,6.126869184114185,4.007333185232471,4.290459441148391,2.772588722239781,1.6094379124341003,0.04595185985568521,0.03282275703977515,3.42857126530613,2.5714284489795975,87.0,36.0,1,0,0.5965,FN
26.0,2.0,0.0,9.0,41.0,179.0,339.0,3.295836866004329,5.8289456176102075,5.19295685089021,3.7376696182833684,2.302585092994046,1.0986122886681098,0.07669616496549804,0.026548672488057014,1.5769230162721917,6.884615119822495,50.0,25.333333333333332,1,1,0.782,TP
6.0,4.0,0.0,7.0,19.0,15.0,80.0,1.9459101490553132,4.394449154672439,2.772588722239781,2.995732273553991,2.0794415416798357,1.6094379124341003,0.07499999906250002,0.08749999890625001,3.166666138888977,2.4999995833334028,26.0,10.666666666666666,1,0,0.3559,FN
7.0,1.0,0.0,2.0,8.0,9.0,59.0,2.0794415416798357,4.0943445622221,2.302585092994046,2.1972245773362196,1.0986122886681098,0.6931471805599453,0.11864406578569381,0.03389830451019823,1.14285697959186,1.2857141020408425,10.0,5.666666666666667,0,0,0.2562,TN
29.0,3.0,0.0,9.0,30.0,406.0,63.0,3.4011973816621555,4.1588830833596715,6.008813185442595,3.4339872044851463,2.302585092994046,1.3862943611198906,0.4603174530108341,0.1428571405895692,1.0344827229488716,13.999999517241395,39.0,22.666666666666668,1,0,0.3641,FN
24.0,3.0,0.0,17.0,48.0,250.0,238.0,3.2188758248682006,5.476463551931511,5.5254529391317835,3.8918202981106265,2.8903717578961645,1.3862943611198906,0.10084033571075489,0.07142857112845138,1.99999991666667,10.416666232638907,65.0,29.666666666666668,0,0,0.3032,TN
8.0,1.0,0.0,2.0,12.0,8.0,129.0,2.1972245773362196,4.867534450455582,2.1972245773362196,2.5649493574615367,1.0986122886681098,0.6931471805599453,0.062015503395228655,0.015503875848807164,1.4999998125000236,0.9999998750000157,14.0,7.333333333333333,1,0,0.4171,FN
20.0,4.0,0.0,7.0,42.0,148.0,263.0,3.044522437723423,5.575949103146316,5.003946305945459,3.7612001156935624,2.0794415416798357,1.6094379124341003,0.07604562708727898,0.026615969480547643,2.099999895000005,7.399999630000018,49.0,23.0,0,0,0.38,TN
6.0,2.0,0.0,11.0,29.0,0.0,152.0,1.9459101490553132,5.030437921392435,0.0,3.4011973816621555,2.4849066497880004,1.0986122886681098,0.03947368395083103,0.07236842057652355,4.833332527777912,0.0,40.0,15.333333333333334,1,0,0.5001,FN
8.0,2.0,0.0,13.0,33.0,0.0,294.0,2.1972245773362196,5.68697535633982,0.0,3.5263605246161616,2.6390573296152584,1.0986122886681098,0.02721088426118747,0.044217686924429636,4.124999484375065,0.0,46.0,18.0,1,1,0.6059,TP
4.0,1.0,0.0,3.0,5.0,4.0,17.0,1.6094379124341003,2.8903717578961645,1.6094379124341003,1.791759469228055,1.3862943611198906,0.6931471805599453,0.23529410380622917,0.17647057785467188,1.249999687500078,0.9999997500000625,8.0,4.0,0,0,0.2811,TN
14.0,1.0,0.0,6.0,18.0,61.0,81.0,2.70805020110221,4.406719247264253,4.127134385045092,2.9444389791664403,1.9459101490553132,0.6931471805599453,0.1728395040390185,0.07407407315957934,1.2857141938775576,4.35714254591839,24.0,12.666666666666666,0,0,0.2787,TN
21.0,2.0,2.0,10.0,47.0,108.0,817.0,3.091042453358316,6.706862336602747,4.6913478822291435,3.871201010907891,2.3978952727983707,1.0986122886681098,0.02570379433818385,0.012239902065801833,2.2380951315192794,5.142856897959195,57.0,26.0,1,1,0.8242,TP
4.0,1.0,0.0,1.0,4.0,6.0,4.0,1.6094379124341003,1.6094379124341003,1.9459101490553132,1.6094379124341003,0.6931471805599453,0.6931471805599453,0.9999997500000625,0.24999993750001562,0.9999997500000625,1.4999996250000938,5.0,3.0,0,0,0.3919,TN
22.0,3.0,0.0,14.0,62.0,133.0,625.0,3.1354942159291497,6.439350371100098,4.897839799950911,4.143134726391533,2.70805020110221,1.3862943611198906,0.03519999994368,0.02239999996416,2.81818169008265,6.045454270661169,76.0,32.666666666666664,0,1,0.7615,FP
14.0,1.0,0.0,12.0,29.0,1.0,193.0,2.70805020110221,5.267858159063328,0.6931471805599453,3.4011973816621555,2.5649493574615367,0.6931471805599453,0.07253885972777793,0.06217616548095251,2.0714284234693983,0.07142856632653098,41.0,18.333333333333332,1,0,0.4763,FN
3.0,4.0,0.0,2.0,8.0,3.0,20.0,1.3862943611198906,3.044522437723423,1.3862943611198906,2.1972245773362196,1.0986122886681098,1.6094379124341003,0.14999999250000037,0.09999999500000024,2.666665777778074,0.9999996666667778,10.0,4.333333333333333,1,0,0.4238,FN
22.0,2.0,4.0,15.0,54.0,69.0,434.0,3.1354942159291497,6.075346031088684,4.248495242049359,4.007333185232471,2.772588722239781,1.0986122886681098,0.050691244122831235,0.03456221190193039,2.4545453429752118,3.1363634938016594,69.0,30.333333333333332,1,1,0.7302,TP
9.0,1.0,0.0,3.0,12.0,20.0,54.0,2.302585092994046,4.007333185232471,3.044522437723423,2.5649493574615367,1.3862943611198906,0.6931471805599453,0.16666666358024698,0.05555555452674899,1.3333331851852017,2.2222219753086696,15.0,8.0,0,0,0.3243,TN
5.0,1.0,0.0,3.0,10.0,8.0,57.0,1.791759469228055,4.060443010546419,2.1972245773362196,2.3978952727983707,1.3862943611198906,0.6931471805599453,0.08771929670667901,0.052631578024007405,1.99999960000008,1.599999680000064,13.0,6.0,0,0,0.3128,TN
3.0,1.0,1.0,14.0,4.0,0.0,25.0,1.3862943611198906,3.258096538021482,0.0,1.6094379124341003,2.70805020110221,0.6931471805599453,0.11999999520000018,0.5599999776000009,1.333332888889037,0.0,18.0,7.0,1,0,0.417,FN
3.0,1.0,0.0,10.0,8.0,1.0,26.0,1.3862943611198906,3.295836866004329,0.6931471805599453,2.1972245773362196,2.3978952727983707,0.6931471805599453,0.11538461094674572,0.3846153698224858,2.666665777778074,0.33333322222225925,18.0,7.0,1,0,0.2665,FN
6.0,3.0,0.0,3.0,18.0,7.0,112.0,1.9459101490553132,4.727387818712341,2.0794415416798357,2.9444389791664403,1.3862943611198906,1.3862943611198906,0.05357142809311225,0.026785714046556126,2.9999995000000834,1.1666664722222546,21.0,9.0,1,0,0.5094,FN
3.0,1.0,0.0,4.0,7.0,0.0,31.0,1.3862943611198906,3.4657359027997265,0.0,2.0794415416798357,1.6094379124341003,0.6931471805599453,0.09677419042663901,0.12903225390218534,2.3333325555558146,0.0,11.0,4.666666666666667,0,0,0.3746,TN
5.0,3.0,0.0,3.0,15.0,2.0,708.0,1.791759469228055,6.5638555265321274,1.0986122886681098,2.772588722239781,1.3862943611198906,1.3862943611198906,0.007062146882680583,0.00423728812960835,2.99999940000012,0.399999920000016,18.0,7.666666666666667,0,0,0.567,TN
8.0,1.0,0.0,16.0,42.0,8.0,708.0,2.1972245773362196,6.5638555265321274,2.1972245773362196,3.7612001156935624,2.833213344056216,0.6931471805599453,0.011299435012288934,0.022598870024577868,5.2499993437500825,0.9999998750000157,58.0,22.0,1,1,0.7699,TP
14.0,3.0,0.0,6.0,34.0,65.0,378.0,2.70805020110221,5.937536205082426,4.189654742026425,3.5553480614894135,1.9459101490553132,1.3862943611198906,0.03703703693905546,0.015873015831023768,2.4285712551020535,4.642856811224513,40.0,18.0,0,0,0.5885,TN
29.0,1.0,0.0,24.0,91.0,312.0,699.0,3.4011973816621555,6.551080335043404,5.746203190540153,4.5217885770490405,3.2188758248682006,0.6931471805599453,0.041487839711748443,0.03433476389937802,3.1379309262782438,10.758620318668264,115.0,48.0,0,0,0.5235,TN
6.0,1.0,0.0,3.0,25.0,11.0,154.0,1.9459101490553132,5.043425116919247,2.4849066497880004,3.258096538021482,1.3862943611198906,0.6931471805599453,0.0389610387080452,0.0194805193540226,4.166665972222338,1.8333330277778286,28.0,11.333333333333334,1,0,0.5114,FN
8.0,1.0,18.0,34.0,36.0,22.0,181.0,2.1972245773362196,5.204006687076795,3.1354942159291497,3.6109179126442243,3.5553480614894135,0.6931471805599453,0.044198894783431524,0.18784530282958398,4.499999437500071,2.749999656250043,70.0,26.0,0,0,0.3361,TN
5.0,6.0,0.0,14.0,26.0,10.0,77.0,1.791759469228055,4.356708826689592,2.3978952727983707,3.295836866004329,2.70805020110221,1.9459101490553132,0.06493506409175241,0.18181817945690676,5.199998960000208,1.99999960000008,40.0,15.0,0,0,0.1854,TN
24.0,2.0,0.0,10.0,38.0,234.0,366.0,3.2188758248682006,5.905361848054571,5.459585514144159,3.6635616461296463,2.3978952727983707,1.0986122886681098,0.06557377031263997,0.027322404296933323,1.5833332673611138,9.749999593750017,48.0,24.0,1,1,0.8181,TP
14.0,5.0,0.0,14.0,69.0,25.0,492.0,2.70805020110221,6.20050917404269,3.258096538021482,4.248495242049359,2.70805020110221,1.791759469228055,0.028455284495009586,0.028455284495009586,4.928571076530638,1.7857141581632745,83.0,32.333333333333336,0,0,0.2227,TN
22.0,2.0,0.0,25.0,64.0,135.0,544.0,3.1354942159291497,6.300785794663244,4.912654885736052,4.174387269895637,3.258096538021482,1.0986122886681098,0.040441176396247835,0.04595588226846345,2.90909077685951,6.136363357438029,89.0,37.0,1,1,0.6775,TP
5.0,3.0,0.0,6.0,15.0,0.0,50.0,1.791759469228055,3.9318256327243257,0.0,2.772588722239781,1.9459101490553132,1.3862943611198906,0.09999999800000005,0.11999999760000006,2.99999940000012,0.0,21.0,8.666666666666666,0,0,0.445,TN
4.0,1.0,0.0,9.0,4.0,6.0,4.0,1.6094379124341003,1.6094379124341003,1.9459101490553132,1.6094379124341003,2.302585092994046,0.6931471805599453,0.9999997500000625,2.2499994375001404,0.9999997500000625,1.4999996250000938,13.0,5.666666666666667,0,0,0.4134,TN
36.0,1.0,0.0,16.0,52.0,562.0,271.0,3.6109179126442243,5.605802066295998,6.333279628139691,3.970291913552122,2.833213344056216,0.6931471805599453,0.13284132792309472,0.05904059018804211,1.444444404320989,15.61111067746915,68.0,34.666666666666664,0,0,0.4408,TN
3.0,1.0,0.0,3.0,3.0,3.0,3.0,1.3862943611198906,1.3862943611198906,1.3862943611198906,1.3862943611198906,1.3862943611198906,0.6931471805599453,0.9999996666667778,0.9999996666667778,0.9999996666667778,0.9999996666667778,6.0,3.0,0,0,0.4786,TN
3.0,1.0,0.0,3.0,21.0,1.0,88.0,1.3862943611198906,4.48863636973214,0.6931471805599453,3.091042453358316,1.3862943611198906,0.6931471805599453,0.034090908703512404,0.034090908703512404,6.999997666667444,0.33333322222225925,24.0,9.0,1,0,0.2877,FN
23.0,2.0,0.0,9.0,48.0,221.0,378.0,3.1780538303479458,5.937536205082426,5.402677381872279,3.8918202981106265,2.302585092994046,1.0986122886681098,0.06084656068559111,0.023809523746535652,2.0869564310018944,9.608695234404555,57.0,26.666666666666668,1,1,0.8227,TP
24.0,1.0,0.0,1.0,41.0,198.0,749.0,3.2188758248682006,6.620073206530356,5.293304824724492,3.7376696182833684,0.6931471805599453,0.6931471805599453,0.032042723588728006,0.001335113482863667,1.7083332621527807,8.249999656250013,42.0,22.0,0,0,0.5948,TN
8.0,1.0,1.0,31.0,42.0,14.0,207.0,2.1972245773362196,5.337538079701318,2.70805020110221,3.7612001156935624,3.4657359027997265,0.6931471805599453,0.03864734280846694,0.1497584533828094,5.2499993437500825,1.7499997812500274,73.0,27.0,0,0,0.3773,TN
4.0,2.0,2.0,7.0,17.0,4.0,60.0,1.6094379124341003,4.110873864173311,1.6094379124341003,2.8903717578961645,2.0794415416798357,1.0986122886681098,0.06666666555555557,0.11666666472222226,4.249998937500266,0.9999997500000625,24.0,9.333333333333334,0,0,0.207,TN
6.0,1.0,3.0,8.0,7.0,15.0,12.0,1.9459101490553132,2.5649493574615367,2.772588722239781,2.0794415416798357,2.1972245773362196,0.6931471805599453,0.4999999583333368,0.6666666111111158,1.1666664722222546,2.4999995833334028,15.0,7.0,0,0,0.3394,TN
5.0,1.0,0.0,6.0,10.0,0.0,74.0,1.791759469228055,4.31748811353631,0.0,2.3978952727983707,1.9459101490553132,0.6931471805599453,0.06756756665449234,0.08108107998539081,1.99999960000008,0.0,16.0,7.0,0,0,0.5358,TN
8.0,5.0,0.0,11.0,32.0,18.0,149.0,2.1972245773362196,5.0106352940962555,2.9444389791664403,3.4965075614664802,2.4849066497880004,1.791759469228055,0.05369127480744111,0.07382550286023153,3.999999500000063,2.2499997187500353,43.0,17.0,0,0,0.2015,TN
20.0,5.0,0.0,27.0,144.0,154.0,1034.0,3.044522437723423,6.942156705699469,5.043425116919247,4.976733742420574,3.332204510175204,1.791759469228055,0.019342359749185335,0.026112185661400205,7.1999996400000175,7.699999615000019,171.0,63.666666666666664,0,0,0.3966,TN
17.0,2.0,0.0,2.0,18.0,108.0,105.0,2.8903717578961645,4.663439094112067,4.6913478822291435,2.9444389791664403,1.0986122886681098,1.0986122886681098,0.16190476036281182,0.019047618866213156,1.0588234671280312,6.352940802768187,20.0,12.333333333333334,0,1,0.6022,FP
4.0,2.0,0.0,10.0,31.0,6.0,456.0,1.6094379124341003,6.124683390894205,1.9459101490553132,3.4657359027997265,2.3978952727983707,1.0986122886681098,0.008771929805324716,0.02192982451331179,7.7499980625004845,1.4999996250000938,41.0,15.0,0,0,0.4869,TN
7.0,4.0,0.0,6.0,28.0,21.0,92.0,2.0794415416798357,4.532599493153256,3.091042453358316,3.367295829986474,1.9459101490553132,1.6094379124341003,0.07608695569470701,0.06521739059546315,3.99999942857151,2.9999995714286327,34.0,13.666666666666666,0,0,0.2874,TN
153.0,1.0,0.0,68.0,250.0,8092.0,8270.0,5.0369526024136295,9.020510699691906,8.998754769495703,5.5254529391317835,4.23410650459726,0.6931471805599453,0.01850060459268433,0.008222490930081924,1.6339869174249222,52.88888854320988,318.0,157.0,1,1,0.7629,TP
5.0,3.0,2.0,4.0,17.0,8.0,148.0,1.791759469228055,5.003946305945459,2.1972245773362196,2.8903717578961645,1.6094379124341003,1.3862943611198906,0.03378378355551498,0.02702702684441198,3.399999320000136,1.599999680000064,21.0,8.666666666666666,1,0,0.4251,FN
11.0,4.0,0.0,0.0,26.0,55.0,173.0,2.4849066497880004,5.159055299214529,4.02535169073515,3.295836866004329,0.0,1.6094379124341003,0.06358381466136523,0.0,2.3636361487603503,4.999999545454587,26.0,12.333333333333334,0,0,0.2976,TN
5.0,1.0,0.0,9.0,31.0,10.0,151.0,1.791759469228055,5.0238805208462765,2.3978952727983707,3.4657359027997265,2.302585092994046,0.6931471805599453,0.03311258256216833,0.05960264861190299,6.1999987600002475,1.99999960000008,40.0,15.0,1,0,0.3322,FN
6.0,1.0,0.0,4.0,7.0,3.0,41.0,1.9459101490553132,3.7376696182833684,1.3862943611198906,2.0794415416798357,1.6094379124341003,0.6931471805599453,0.14634145984533026,0.09756097323022017,1.1666664722222546,0.49999991666668053,11.0,5.666666666666667,0,0,0.2689,TN
4.0,3.0,0.0,3.0,22.0,0.0,86.0,1.6094379124341003,4.465908118654584,0.0,3.1354942159291497,1.3862943611198906,1.3862943611198906,0.04651162736614387,0.0348837205246079,5.499998625000344,0.0,25.0,9.666666666666666,0,0,0.2492,TN
6.0,0.0,0.0,21.0,54.0,9.0,309.0,1.9459101490553132,5.736572297479192,2.302585092994046,4.007333185232471,3.091042453358316,0.0,0.01941747566531561,0.06796116482860465,8.999998500000249,1.4999997500000417,75.0,27.0,0,0,0.3796,TN
17.0,2.0,0.0,6.0,28.0,90.0,232.0,2.8903717578961645,5.4510384535657,4.51085950651685,3.367295829986474,1.9459101490553132,1.0986122886681098,0.07327586175312129,0.025862068854042807,1.6470587266436043,5.2941173356401565,34.0,17.0,1,1,0.7638,TP
4.0,1.0,0.0,24.0,104.0,0.0,763.0,1.6094379124341003,6.638567789166521,0.0,4.653960350157523,3.2188758248682006,0.6931471805599453,0.005242463951189431,0.031454783707136585,25.999993500001626,0.0,128.0,44.0,0,0,0.343,TN
6.0,2.0,0.0,24.0,9.0,0.0,146.0,1.9459101490553132,4.990432586778736,0.0,2.302585092994046,3.2188758248682006,1.0986122886681098,0.04109589012948021,0.16438356051792083,1.4999997500000417,0.0,33.0,13.0,1,0,0.4632,FN
9.0,1.0,0.0,4.0,17.0,24.0,125.0,2.302585092994046,4.836281906951478,3.2188758248682006,2.8903717578961645,1.6094379124341003,0.6931471805599453,0.07199999942400001,0.031999999744,1.8888886790123691,2.6666663703704034,21.0,10.0,0,0,0.4517,TN
1.0,2.0,0.0,2.0,4.0,0.0,14.0,0.6931471805599453,2.70805020110221,0.0,1.6094379124341003,1.0986122886681098,1.0986122886681098,0.07142856632653098,0.14285713265306196,3.9999960000040002,0.0,6.0,2.3333333333333335,0,0,0.3618,TN
10.0,1.0,0.0,8.0,11.0,15.0,121.0,2.3978952727983707,4.804021044733257,2.772588722239781,2.4849066497880004,2.1972245773362196,0.6931471805599453,0.0826446274161601,0.06611570193292808,1.099999890000011,1.4999998500000151,19.0,9.666666666666666,1,0,0.3973,FN
21.0,1.0,0.0,7.0,22.0,154.0,141.0,3.091042453358316,4.955827057601261,5.043425116919247,3.1354942159291497,2.0794415416798357,0.6931471805599453,0.14893616915648109,0.049645389718827024,1.0476189977324286,7.333332984127001,29.0,16.666666666666668,0,0,0.4715,TN
8.0,3.0,0.0,15.0,36.0,0.0,135.0,2.1972245773362196,4.912654885736052,0.0,3.6109179126442243,2.772588722239781,1.3862943611198906,0.05925925882030179,0.11111111028806585,4.499999437500071,0.0,51.0,19.666666666666668,0,0,0.3981,TN
5.0,1.0,0.0,0.0,7.0,2.0,29.0,1.791759469228055,3.4011973816621555,1.0986122886681098,2.0794415416798357,0.0,0.6931471805599453,0.17241378715814526,0.0,1.399999720000056,0.399999920000016,7.0,4.0,0,0,0.2741,TN
3.0,1.0,0.0,6.0,10.0,0.0,113.0,1.3862943611198906,4.736198448394496,0.0,2.3978952727983707,1.9459101490553132,0.6931471805599453,0.02654867233142768,0.05309734466285536,3.3333322222225923,0.0,16.0,6.333333333333333,0,0,0.4875,TN
1.0,1.0,0.0,2.0,1.0,0.0,1.0,0.6931471805599453,0.6931471805599453,0.0,0.6931471805599453,1.0986122886681098,0.6931471805599453,0.9999990000010001,1.9999980000020001,0.9999990000010001,0.0,3.0,1.3333333333333333,0,0,0.3875,TN
4.0,1.0,1.0,4.0,12.0,6.0,37.0,1.6094379124341003,3.6375861597263857,1.9459101490553132,2.5649493574615367,1.6094379124341003,0.6931471805599453,0.10810810518626743,0.10810810518626743,2.9999992500001875,1.4999996250000938,16.0,6.666666666666667,0,0,0.2205,TN
6.0,3.0,0.0,7.0,13.0,3.0,46.0,1.9459101490553132,3.8501476017100584,1.3862943611198906,2.6390573296152584,2.0794415416798357,1.3862943611198906,0.13043477977315696,0.1521739097353498,2.1666663055556157,0.49999991666668053,20.0,8.666666666666666,0,0,0.3342,TN
17.0,1.0,0.0,7.0,53.0,38.0,725.0,2.8903717578961645,6.587550014824796,3.6635616461296463,3.9889840465642745,2.0794415416798357,0.6931471805599453,0.023448275829726518,0.009655172400475625,3.1176468754325364,2.235293986159177,60.0,25.666666666666668,1,1,0.6813,TP
2.0,1.0,0.0,60.0,2.0,1.0,2.0,1.0986122886681098,1.0986122886681098,0.6931471805599453,1.0986122886681098,4.110873864173311,0.6931471805599453,0.99999950000025,29.9999850000075,0.99999950000025,0.499999750000125,62.0,21.333333333333332,0,0,0.4095,TN
2.0,3.0,0.0,3.0,7.0,1.0,23.0,1.0986122886681098,3.1780538303479458,0.6931471805599453,2.0794415416798357,1.3862943611198906,1.3862943611198906,0.08695651795841226,0.1304347769376184,3.499998250000875,0.499999750000125,10.0,4.0,0,0,0.2634,TN
5.0,3.0,2.0,16.0,18.0,0.0,388.0,1.791759469228055,5.963579343618446,0.0,2.9444389791664403,2.833213344056216,1.3862943611198906,0.012886597904931449,0.041237113295780635,3.599999280000144,0.0,34.0,13.0,0,1,0.6788,FP
14.0,2.0,1.0,6.0,22.0,29.0,173.0,2.70805020110221,5.159055299214529,3.4011973816621555,3.1354942159291497,1.9459101490553132,1.0986122886681098,0.08092485502355576,0.03468208072438104,1.5714284591836816,2.0714284234693983,28.0,14.0,0,1,0.762,FP
16.0,2.0,0.0,7.0,35.0,58.0,460.0,2.833213344056216,6.133398042996649,4.07753744390572,3.58351893845611,2.0794415416798357,1.0986122886681098,0.034782608620037805,0.01521739127126654,2.1874998632812583,3.624999773437514,42.0,19.333333333333332,1,1,0.7505,TP
9.0,2.0,4.0,16.0,56.0,24.0,601.0,2.302585092994046,6.400257445308821,3.2188758248682006,4.04305126783455,2.833213344056216,1.0986122886681098,0.014975041572420895,0.02662229612874826,6.2222215308642745,2.6666663703704034,72.0,27.0,0,1,0.7782,FP
19.0,3.0,0.0,9.0,37.0,129.0,203.0,2.995732273553991,5.318119993844216,4.867534450455582,3.6375861597263857,2.302585092994046,1.3862943611198906,0.09359605865223616,0.04433497515105923,1.947368318559562,6.789473326869825,46.0,21.666666666666668,0,0,0.3448,TN
2.0,2.0,0.0,7.0,6.0,1.0,28.0,1.0986122886681098,3.367295829986474,0.6931471805599453,1.9459101490553132,2.0794415416798357,1.0986122886681098,0.07142856887755111,0.24999999107142887,2.99999850000075,0.499999750000125,13.0,5.0,0,0,0.286,TN
18.0,1.0,0.0,2.0,28.0,87.0,200.0,2.9444389791664403,5.303304908059076,4.477336814478207,3.367295829986474,1.0986122886681098,0.6931471805599453,0.08999999955,0.00999999995,1.5555554691358071,4.83333306481483,30.0,16.0,0,0,0.3257,TN
2.0,4.0,0.0,2.0,9.0,1.0,22.0,1.0986122886681098,3.1354942159291497,0.6931471805599453,2.302585092994046,1.0986122886681098,1.6094379124341003,0.09090908677685969,0.09090908677685969,4.499997750001125,0.499999750000125,11.0,4.333333333333333,0,0,0.4209,TN
47.0,4.0,0.0,15.0,108.0,865.0,896.0,3.871201010907891,6.799055862058796,6.763884908562435,4.6913478822291435,2.772588722239781,1.6094379124341003,0.05245535708431322,0.016741071409887197,2.2978722915346323,18.404254927569045,123.0,56.666666666666664,0,1,0.7488,FP
6.0,2.0,0.0,2.0,11.0,9.0,45.0,1.9459101490553132,3.828641396489095,2.302585092994046,2.4849066497880004,1.0986122886681098,1.0986122886681098,0.13333333037037046,0.04444444345679015,1.8333330277778286,1.4999997500000417,13.0,6.333333333333333,0,0,0.3686,TN
13.0,2.0,0.0,16.0,27.0,36.0,119.0,2.6390573296152584,4.787491742782046,3.6109179126442243,3.332204510175204,2.833213344056216,1.0986122886681098,0.10924369656097734,0.13445378038274133,2.076922917159776,2.769230556213034,43.0,18.666666666666668,0,0,0.4389,TN
22.0,1.0,0.0,2.0,22.0,231.0,22.0,3.1354942159291497,3.1354942159291497,5.44673737166631,3.1354942159291497,1.0986122886681098,0.6931471805599453,0.9999999545454565,0.09090908677685969,0.9999999545454565,10.499999522727293,24.0,15.333333333333334,0,1,0.6481,FP
13.0,2.0,0.0,6.0,24.0,64.0,172.0,2.6390573296152584,5.153291594497779,4.174387269895637,3.2188758248682006,1.9459101490553132,1.0986122886681098,0.0755813949094105,0.03488372072742023,1.8461537041420228,4.923076544378728,30.0,14.333333333333334,1,1,0.7556,TP
12.0,1.0,0.0,0.0,31.0,66.0,109.0,2.5649493574615367,4.700480365792417,4.204692619390966,3.4657359027997265,0.0,0.6931471805599453,0.11009174210925007,0.0,2.583333118055574,5.499999541666705,31.0,14.333333333333334,0,0,0.2453,TN
2.0,0.0,0.0,4.0,6.0,1.0,18.0,1.0986122886681098,2.9444389791664403,0.6931471805599453,1.9459101490553132,1.6094379124341003,0.0,0.11111110493827195,0.2222222098765439,2.99999850000075,0.499999750000125,10.0,4.0,0,0,0.1385,TN
20.0,1.0,0.0,2.0,20.0,190.0,20.0,3.044522437723423,3.044522437723423,5.25227342804663,3.044522437723423,1.0986122886681098,0.6931471805599453,0.9999999500000024,0.09999999500000024,0.9999999500000024,9.499999525000023,22.0,14.0,1,1,0.65,TP
9.0,2.0,0.0,22.0,46.0,0.0,770.0,2.302585092994046,6.647688373563329,0.0,3.8501476017100584,3.1354942159291497,1.0986122886681098,0.011688311673132062,0.02857142853432282,5.11111054320994,0.0,68.0,25.666666666666668,1,1,0.708,TP
11.0,3.0,0.0,8.0,26.0,0.0,76.0,2.4849066497880004,4.343805421853684,0.0,3.295836866004329,2.1972245773362196,1.3862943611198906,0.14473684020083105,0.10526315650969531,2.3636361487603503,0.0,34.0,15.0,0,0,0.4304,TN
13.0,1.0,0.0,0.0,13.0,78.0,13.0,2.6390573296152584,2.6390573296152584,4.3694478524670215,2.6390573296152584,0.0,0.6931471805599453,0.9999999230769291,0.0,0.9999999230769291,5.999999538461575,13.0,8.666666666666666,0,0,0.2066,TN
14.0,3.0,0.0,7.0,46.0,27.0,372.0,2.70805020110221,5.921578419643816,3.332204510175204,3.8501476017100584,2.0794415416798357,1.3862943611198906,0.03763440850098277,0.018817204250491385,3.2857140510204252,1.9285712908163364,53.0,22.333333333333332,0,1,0.641,FP
5.0,1.0,8.0,13.0,6.0,10.0,54.0,1.791759469228055,4.007333185232471,2.3978952727983707,1.9459101490553132,2.6390573296152584,0.6931471805599453,0.092592590877915,0.24074073628257897,1.199999760000048,1.99999960000008,19.0,8.0,0,0,0.4098,TN
9.0,2.0,0.0,12.0,29.0,34.0,199.0,2.302585092994046,5.298317366548036,3.5553480614894135,3.4011973816621555,2.5649493574615367,1.0986122886681098,0.04522613042599934,0.06030150723466579,3.222221864197571,3.7777773580247382,41.0,16.666666666666668,1,0,0.3988,FN
6.0,3.0,0.0,5.0,27.0,3.0,135.0,1.9459101490553132,4.912654885736052,1.3862943611198906,3.332204510175204,1.791759469228055,1.3862943611198906,0.04444444411522634,0.037037036762688616,4.4999992500001245,0.49999991666668053,32.0,12.666666666666666,0,0,0.4031,TN
0.0,1.0,0.0,8.0,0.0,0.0,0.0,0.0,0.0,0.0,0.0,2.1972245773362196,0.6931471805599453,0.0,8000000.0,0.0,0.0,8.0,2.6666666666666665,1,0,0.5324,FN
3.0,0.0,0.0,1.0,20.0,3.0,106.0,1.3862943611198906,4.672828834461906,1.3862943611198906,3.044522437723423,0.6931471805599453,0.0,0.0283018865254539,0.0094339621751513,6.666664444445185,0.9999996666667778,21.0,8.0,0,0,0.1161,TN
3.0,1.0,0.0,2.0,24.0,1.0,121.0,1.3862943611198906,4.804021044733257,0.6931471805599453,3.2188758248682006,1.0986122886681098,0.6931471805599453,0.024793388224848032,0.01652892548323202,7.999997333334222,0.33333322222225925,26.0,9.666666666666666,1,0,0.2812,FN
4.0,6.0,0.0,6.0,29.0,0.0,315.0,1.6094379124341003,5.755742213586912,0.0,3.4011973816621555,1.9459101490553132,1.9459101490553132,0.012698412658100277,0.019047618987150416,7.249998187500453,0.0,35.0,13.0,0,0,0.166,TN
9.0,1.0,0.0,4.0,19.0,14.0,88.0,2.302585092994046,4.48863636973214,2.70805020110221,2.995732273553991,1.6094379124341003,0.6931471805599453,0.10227272611053721,0.04545454493801654,2.1111108765432363,1.5555553827160686,23.0,10.666666666666666,0,0,0.3894,TN
23.0,2.0,0.0,12.0,60.0,65.0,386.0,3.1780538303479458,5.958424693029782,4.189654742026425,4.110873864173311,2.5649493574615367,1.0986122886681098,0.05958549207361272,0.031088082821015328,2.6086955387523676,2.8260868336483984,72.0,31.666666666666668,1,1,0.7646,TP
